hand,size
device,quality
point,spot
point,phone
device,weight
point,device
sprint,call
device,storage
sprint,signal
device,point
hand,speaker
device,speaker
pocket,issue
device,benefit
button,double-push
hand,corner
button,right
device,color
cable,adapter
note,item
home,button
button,placement
note,upgrade
sprint,app
pocket,computer
device,price
device,value
button,thing
device,service
note,screen
point,year
pocket,plan
point,picture
device,control
button,feature
device,corner
point,value
home,use
hand,feel
device,issue
device,review
home,screen
sprint,store
point,complaint
device,user
device,experience
note,pro
device,condition
device,thing
note,camera
note,replacement
note,version
note,value
note,ultra
note,model
note,successor
note,tag
cable,box
hand,experience
cable,content
hand,market
sprint,work
hand,feature
hand,product
device,scratch
device,size
device,feature
device,deal
note,charge
note,factory
note,work
note,improvement
cable,charger
device,support
device,fan
device,range
button,option
device,protection
cable,support
device,overall
hand,side
button,location
home,reception
device,audio
home,charger
device,work
device,time
device,day
device,function
device,setting
note,curve
sprint,account
scanner,actin
note,defect
hand,fit
home,key
pocket,fall
device,coverage
device,capability
point,behavior
pocket,camera
device,need
button,navigation
device,app
sprint,card
device,use
pocket,assistant
pocket,fit
sprint,network
device,manufacturer
button,switching
device,problem
hand,touch
