app,number
operating,condition
software,update
carrier,work
android,fan
google,experience
bar,none
android,feature
email,use
android,way
mode,photo
carrier,functionality
android,experience
google,photo
google,product
google,pixel
android,upgrade
android,phone
android,software
app,work
operating,system
android,device
google,assistant
android,version
google,integration
google,update
google,technology
app,user
google,sticker
setting,set
google,ad
reader,trouble
google,purchase
google,boxing
google,screen
mode,etc
boot,mode
android,display
music,wont
verizon,card
software,experience
android,product
android,system
setting,performance
google,offering
google,storage
google,google
reader,thing
app,camera
google,phone
google,backup
google,device
android,update
google,algorithm
carrier,feature
carrier,junk
android,pie
google,auto
reader,location
carrier,style
carrier,experience
android,day
carrier,load
response,speed
android,everything
android,smartphone
music,button
verizon,subsidiary
setting,section
carrier,store
carrier,voicemail
verizon,plan
software,problem
system,update
verizon,review
verizon,quality
android,method
app,amount
boot,cycle
verizon,number
response,time
app,app
music,player
google,feature
app,integration
app,corner
software,hardware
android,oreo
window,login
verizon,call
app,crash
app,use
android,app
app,space
window,nokia
app,memory
android,forum
android,thing
app,room
google,app
setting,control
app,storage
android,thank
operating,problem
bloatware,amount
carrier,plan
mode,picture
android,user
app,button
bloatware,bit
setting,broadcast
android,cell-phone
software,issue
carrier,network
app,task
app,page
verizon,sim
app,format
bar,speed
app,option
response,lack
mode,switch
boot,loop
bar,clamp
app,acces
bar,location
bar,grip
verizon,network
carrier,provider
smart,phone
carrier,switch
software,internal
software,iphone
android,processor
system,spec
window,phone
app,store
window,toy
setting,screen
app,developer
app,switching
app,feature
window,app
app,availability
window,user
music,memory
music,app
window,interface
window,feature
app,selection
app,version
window,tablet
window,fan
email,account
window,beat
app,screen
music,pas
app,transfer
google,search
verizon,app
system,setting
carrier,card
app,lag
verizon,signal
reader,placement
system,speed
app,bunch
google,map
reader,bonu
verizon,value
android,glitch
app,loading
smart,option
mode,job
notification,setting
carrier,device
verizon,work
software,change
software,expectation
email,link
boot,screen
app,issue
notification,tone
notification,sound
software,bloat
google,service
google,play
app,incompatibility
google,series
android,exp
google,user
google,advertising
google,letdown
verizon,system
google,support
carrier,issue
app,performance
android,nuance
app,icon
android,form
google,tech
android,replacement
software,version
verizon,account
google,team
app,assortment
google,right
android,function
reader,no
carrier,consumer
software,lag
verizon,activation
verizon,customer
verizon,store
software,support
android,value
google,account
app,setting
app,suite
app,bar
verizon,staff
software,flaw
system,event
software,performance
android,bloat
app,cut
system,improvement
software,glitch
carrier,compatibility
boot,animation
app,load
google,work
notification,light
notification,vibration
carrier,version
app,list
email,client
app,launcher
app,password
setting,feature
setting,change
android,charger
android,photo
google,button
software,upgrade
operating,upgrade
system,upgrade
system,function
google,functionality
google,standard
keyboard,feature
app,account
verizon,advertisement
android,deal
software,bug
app,mix
software,piece
android,support
email,device
keyboard,tap
keyboard,smartphone
android,keyboard
app,support
keyboard,layout
keyboard,thing
response,keyboard
keyboard,foot
