camera,quality
screen,quality
picture,quality
screen,scratch
screen,life
screen,size
screen,protector
screen,shield
quality,product
screen,look
camera,work
quality,life
screen,crack
quality,picture
screen,resolution
quality,item
quality,device
quality,photo
quality,problem
pixel,version
pixel,info
light,picture
angle,cam
selfie,cam
photo,storage
quality,storage
pixel,owner
camera,feature
night,sight
camera,setup
image,processing
screen,sensitivity
pixel,feature
pixel,bar
resolution,screen
camera,device
camera,processor
pixel,upgrade
camera,experience
light,room
quality,testing
screen,brightnes
camera,horse
pixel,life
light,filter
quality,delivery
pixel,hope
camera,lens
zoom,len
camera,len
camera,focu
night,shot
photo,integration
quality,component
pixel,experience
pixel,software
photo,upload
quality,smartphone
camera,cover
photo,option
pixel,issue
screen,recording
screen,tap
screen,operation
quality,control
quality,feature
screen,issue
quality,compromise
pixel,transfer
pixel,release
camera,phone
camera,thing
pixel,camera
pixel,purchase
pixel,user
pixel,return
quality,hardware
camera,processing
picture,processing
screen,side
camera,security
quality,offering
photo,quality
pixel,sensor
quality,difference
night,vision
camera,software
photo,backup
screen,color
photo,camera
screen,portion
pixel,value
quality,camera
pixel,launcher
screen,pixel
screen,glas
camera,algorithm
screen,element
pixel,screen
quality,speaker
quality,value
resolution,everything
quality,body
camera,angle
image,quality
camera,difference
picture,taker
camera,glas
camera,capability
light,pic
light,shot
screen,view
camera,option
camera,reproduction
screen,reproduction
screen,aspect
screen,part
camera,sound
camera,app
quality,everything
quality,assurance
screen,way
screen,graphic
screen,half
camera,function
quality,iphone
screen,corner
screen,replacement
screen,tint
quality,battery
screen,light
screen,touch
screen,bottom
screen,cover
screen,damage
screen,spot
screen,bag
screen,screen
screen,notification
screen,edge
camera,photo
screen,battery
screen,glue
quality,price
quality,material
camera,resolution
screen,sharpnes
photo,space
screen,button
screen,smartphone
screen,right
screen,problem
camera,dot
camera,system
screen,condition
screen,display
screen,cost
quality,check
quality,shipping
camera,notch
night,picture
quality,screen
quality,processor
quality,case
screen,area
screen,failure
quality,sound
camera,shot
screen,response
quality,display
angle,shot
screen,clarity
selfie,camera
camera,screen
picture,camera
quality,relation
screen,performance
screen,image
pixel,density
screen,device
quality,charger
quality,phone
screen,scuff
screen,chip
screen,left
camera,scratch
screen,malfunction
screen,work
screen,glitch
quality,holder
screen,cut
pixel,line
screen,protection
picture,focu
camera,picture
camera,bump
screen,break
camera,money
camera,smart
quality,adapter
photo,chip
camera,hardware
screen,contrast
screen,iphone
pixel,condition
screen,imperfection
screen,gesture
screen,gouge
screen,video
image,stabilization
quality,stuff
screen,layout
screen,layer
screen,thing
camera,button
camera,camera
screen,time
angle,len
camera,expectation
camera,area
screen,saver
screen,mark
light,leak
camera,ram
camera,price
screen,viewing
night,photo
picture,dark
camera,performance
screen,flow
picture,show
zoom,picture
quality,issue
camera,crack
screen,line
photo,capability
camera,damage
light,outdoor
screen,tone
quality,beware
screen,spec
screen,picture
quality,audio
screen,mirroring
camera,issue
camera,smudge
screen,ratio
camera,life
camera,user
screen,space
camera,value
camera,cutout
pixel,bud
screen,gap
pixel,volume
night,quality
pixel,way
pixel,display
angle,camera
pixel,performance
pixel,google
pixel,photography
night,photography
pixel,fan
screen,blob
night,mode
pixel,digit
screen,speaker
pixel,ever
camera,scanner
pixel,team
screen,hole
pixel,protector
pixel,service
pixel,sport
camera,clarity
pixel,right
light,senor
camera,review
screen,management
screen,cell
screen,app
screen,estate
screen,feature
quality,video
screen,ton
pixel,quality
pixel,fit
screen,big
pixel,series
pixel,replacement
screen,nightmare
screen,weaknes
light,performance
picture,advertisement
photo,editing
screen,setup
quality,competitor
pixel,reader
quality,capture
pixel,update
quality,excellent
quality,glas
screen,ad
gorilla,glas
light,photo
screen,type
quality,combination
screen,coating
quality,opinion
picture,clarity
screen,impact
screen,repair
picture,opinion
pixel,edition
screen,icon
screen,experience
angle,display
screen,function
selfie,stick
quality,wen
camera,update
quality,building
