err,val_err
"tf.Tensor(0.0001079381084973977, shape=(), dtype=float64)","tf.Tensor(0.0008346243764444323, shape=(), dtype=float64)"
"tf.Tensor(0.00011297915806878133, shape=(), dtype=float64)","tf.Tensor(0.0007689005195447246, shape=(), dtype=float64)"
"tf.Tensor(0.00011033498100671257, shape=(), dtype=float64)","tf.Tensor(0.0006726884887283763, shape=(), dtype=float64)"
"tf.Tensor(0.00010563991719164309, shape=(), dtype=float64)","tf.Tensor(0.0007479226324607416, shape=(), dtype=float64)"
"tf.Tensor(0.00010388105329198677, shape=(), dtype=float64)","tf.Tensor(0.0007267572060174335, shape=(), dtype=float64)"
"tf.Tensor(0.00010732136675702403, shape=(), dtype=float64)","tf.Tensor(0.0007093819565526739, shape=(), dtype=float64)"
"tf.Tensor(0.00011967123721949664, shape=(), dtype=float64)","tf.Tensor(0.0007682645454425116, shape=(), dtype=float64)"
"tf.Tensor(0.0001144669745483201, shape=(), dtype=float64)","tf.Tensor(0.001232501657712562, shape=(), dtype=float64)"
"tf.Tensor(9.969885494177668e-05, shape=(), dtype=float64)","tf.Tensor(0.0013952135393529065, shape=(), dtype=float64)"
"tf.Tensor(0.00011362143689772002, shape=(), dtype=float64)","tf.Tensor(0.0007432305213342048, shape=(), dtype=float64)"
"tf.Tensor(0.00010608384815299114, shape=(), dtype=float64)","tf.Tensor(0.0007394276667953348, shape=(), dtype=float64)"
"tf.Tensor(0.0001124990747789646, shape=(), dtype=float64)","tf.Tensor(0.0006945584061592581, shape=(), dtype=float64)"
"tf.Tensor(0.00010809688382201897, shape=(), dtype=float64)","tf.Tensor(0.0008284661998181644, shape=(), dtype=float64)"
"tf.Tensor(0.00010649727961603579, shape=(), dtype=float64)","tf.Tensor(0.0009938312386197866, shape=(), dtype=float64)"
"tf.Tensor(0.00010986559035952038, shape=(), dtype=float64)","tf.Tensor(0.0008504529601439585, shape=(), dtype=float64)"
"tf.Tensor(0.00011657619900395806, shape=(), dtype=float64)","tf.Tensor(0.0009686852098914534, shape=(), dtype=float64)"
"tf.Tensor(0.00012063071025810567, shape=(), dtype=float64)","tf.Tensor(0.0007442431940490125, shape=(), dtype=float64)"
"tf.Tensor(0.00011315827615043114, shape=(), dtype=float64)","tf.Tensor(0.0007617003192386596, shape=(), dtype=float64)"
"tf.Tensor(0.00011880844907119687, shape=(), dtype=float64)","tf.Tensor(0.0008657808083540966, shape=(), dtype=float64)"
"tf.Tensor(0.00011767321081865151, shape=(), dtype=float64)","tf.Tensor(0.0007243349171647325, shape=(), dtype=float64)"
"tf.Tensor(0.00011428443360741791, shape=(), dtype=float64)","tf.Tensor(0.000836659152758704, shape=(), dtype=float64)"
"tf.Tensor(0.00011383914142391898, shape=(), dtype=float64)","tf.Tensor(0.0008260140284870764, shape=(), dtype=float64)"
"tf.Tensor(0.0001163774894500336, shape=(), dtype=float64)","tf.Tensor(0.0009168346994359345, shape=(), dtype=float64)"
"tf.Tensor(0.00011514374926511541, shape=(), dtype=float64)","tf.Tensor(0.0009587662440591302, shape=(), dtype=float64)"
"tf.Tensor(0.00011612267671001047, shape=(), dtype=float64)","tf.Tensor(0.0008207168406587305, shape=(), dtype=float64)"
"tf.Tensor(0.00012294774938498165, shape=(), dtype=float64)","tf.Tensor(0.0008433180867106337, shape=(), dtype=float64)"
"tf.Tensor(0.00011689193936468673, shape=(), dtype=float64)","tf.Tensor(0.0011697896478069971, shape=(), dtype=float64)"
"tf.Tensor(0.00011334132490599418, shape=(), dtype=float64)","tf.Tensor(0.000941703958214309, shape=(), dtype=float64)"
"tf.Tensor(0.00012132248450992288, shape=(), dtype=float64)","tf.Tensor(0.0008625742137657322, shape=(), dtype=float64)"
"tf.Tensor(0.00011415841815211116, shape=(), dtype=float64)","tf.Tensor(0.000960361957407305, shape=(), dtype=float64)"
"tf.Tensor(0.00011760935073433335, shape=(), dtype=float64)","tf.Tensor(0.0008197684296860542, shape=(), dtype=float64)"
"tf.Tensor(0.00010586775984584317, shape=(), dtype=float64)","tf.Tensor(0.0008599767057290911, shape=(), dtype=float64)"
"tf.Tensor(0.00010935898221810155, shape=(), dtype=float64)","tf.Tensor(0.0008485523319622038, shape=(), dtype=float64)"
"tf.Tensor(0.00011327617723053173, shape=(), dtype=float64)","tf.Tensor(0.0008304993969392675, shape=(), dtype=float64)"
"tf.Tensor(0.00011586549934563953, shape=(), dtype=float64)","tf.Tensor(0.0011109921036181949, shape=(), dtype=float64)"
"tf.Tensor(0.00010837167091810892, shape=(), dtype=float64)","tf.Tensor(0.000919338107070381, shape=(), dtype=float64)"
"tf.Tensor(0.00011990540631674564, shape=(), dtype=float64)","tf.Tensor(0.0008301441134488667, shape=(), dtype=float64)"
"tf.Tensor(0.0001227163338705744, shape=(), dtype=float64)","tf.Tensor(0.0008802493600568653, shape=(), dtype=float64)"
"tf.Tensor(0.00011628791117592077, shape=(), dtype=float64)","tf.Tensor(0.0008802216670077206, shape=(), dtype=float64)"
"tf.Tensor(0.00011641625488484907, shape=(), dtype=float64)","tf.Tensor(0.0007817555399285435, shape=(), dtype=float64)"
"tf.Tensor(0.00011948391443667598, shape=(), dtype=float64)","tf.Tensor(0.0007540870140863915, shape=(), dtype=float64)"
"tf.Tensor(0.00011309031076993552, shape=(), dtype=float64)","tf.Tensor(0.0008084308878243904, shape=(), dtype=float64)"
"tf.Tensor(0.00011764717077857167, shape=(), dtype=float64)","tf.Tensor(0.0007739297292534113, shape=(), dtype=float64)"
"tf.Tensor(0.00011097448230225697, shape=(), dtype=float64)","tf.Tensor(0.0008774494902586746, shape=(), dtype=float64)"
"tf.Tensor(0.00011619839309247368, shape=(), dtype=float64)","tf.Tensor(0.000771257322029086, shape=(), dtype=float64)"
"tf.Tensor(0.000125025280862894, shape=(), dtype=float64)","tf.Tensor(0.0008849341955645962, shape=(), dtype=float64)"
"tf.Tensor(0.0001125807783786722, shape=(), dtype=float64)","tf.Tensor(0.0007883318606145773, shape=(), dtype=float64)"
"tf.Tensor(0.00012182560482621547, shape=(), dtype=float64)","tf.Tensor(0.0007778736094357599, shape=(), dtype=float64)"
"tf.Tensor(0.00012671551955844678, shape=(), dtype=float64)","tf.Tensor(0.0008368720264843989, shape=(), dtype=float64)"
"tf.Tensor(0.00011715492731455823, shape=(), dtype=float64)","tf.Tensor(0.0007463719766141812, shape=(), dtype=float64)"
"tf.Tensor(0.0001264674888787952, shape=(), dtype=float64)","tf.Tensor(0.0010032899763475032, shape=(), dtype=float64)"
"tf.Tensor(0.00011650564116331666, shape=(), dtype=float64)","tf.Tensor(0.0007988156164497976, shape=(), dtype=float64)"
"tf.Tensor(0.00010520324562788057, shape=(), dtype=float64)","tf.Tensor(0.0009547284842306028, shape=(), dtype=float64)"
"tf.Tensor(0.00012565078471937988, shape=(), dtype=float64)","tf.Tensor(0.0008098994934899115, shape=(), dtype=float64)"
"tf.Tensor(0.00010716096240808776, shape=(), dtype=float64)","tf.Tensor(0.0009086546375207945, shape=(), dtype=float64)"
"tf.Tensor(0.00011047607111060982, shape=(), dtype=float64)","tf.Tensor(0.0010633659359358875, shape=(), dtype=float64)"
"tf.Tensor(0.00011449540319235965, shape=(), dtype=float64)","tf.Tensor(0.0008901451703074397, shape=(), dtype=float64)"
"tf.Tensor(0.00011178242530553812, shape=(), dtype=float64)","tf.Tensor(0.0009586038909012913, shape=(), dtype=float64)"
"tf.Tensor(0.00012087624045411411, shape=(), dtype=float64)","tf.Tensor(0.0008725946711732893, shape=(), dtype=float64)"
"tf.Tensor(0.00011065536204934586, shape=(), dtype=float64)","tf.Tensor(0.0009601798321253736, shape=(), dtype=float64)"
"tf.Tensor(0.00011444798691476884, shape=(), dtype=float64)","tf.Tensor(0.0008075409738815395, shape=(), dtype=float64)"
"tf.Tensor(0.00010447512877609213, shape=(), dtype=float64)","tf.Tensor(0.0009122296252578665, shape=(), dtype=float64)"
"tf.Tensor(0.00011272803748471539, shape=(), dtype=float64)","tf.Tensor(0.0015914177663592253, shape=(), dtype=float64)"
"tf.Tensor(0.00011078548300031615, shape=(), dtype=float64)","tf.Tensor(0.0013161594280412738, shape=(), dtype=float64)"
"tf.Tensor(0.00011179347846789653, shape=(), dtype=float64)","tf.Tensor(0.0018497945969831765, shape=(), dtype=float64)"
"tf.Tensor(0.00010436072435957288, shape=(), dtype=float64)","tf.Tensor(0.0017754009450718885, shape=(), dtype=float64)"
"tf.Tensor(0.00010904160540651974, shape=(), dtype=float64)","tf.Tensor(0.001266316518635542, shape=(), dtype=float64)"
"tf.Tensor(0.00012192373659199824, shape=(), dtype=float64)","tf.Tensor(0.0013365495755641927, shape=(), dtype=float64)"
"tf.Tensor(0.00011969765575037298, shape=(), dtype=float64)","tf.Tensor(0.0017022281217219512, shape=(), dtype=float64)"
"tf.Tensor(0.00011454568414091343, shape=(), dtype=float64)","tf.Tensor(0.0011927834479861564, shape=(), dtype=float64)"
"tf.Tensor(0.0001096998616412328, shape=(), dtype=float64)","tf.Tensor(0.0014924147562206823, shape=(), dtype=float64)"
"tf.Tensor(0.00011866285392722315, shape=(), dtype=float64)","tf.Tensor(0.0018274586905403845, shape=(), dtype=float64)"
"tf.Tensor(0.00011708871173754657, shape=(), dtype=float64)","tf.Tensor(0.001983747520702136, shape=(), dtype=float64)"
"tf.Tensor(0.00011130905769658761, shape=(), dtype=float64)","tf.Tensor(0.0016941291462841859, shape=(), dtype=float64)"
"tf.Tensor(0.00011553598694924094, shape=(), dtype=float64)","tf.Tensor(0.0016991518930179062, shape=(), dtype=float64)"
"tf.Tensor(0.00011224083333389872, shape=(), dtype=float64)","tf.Tensor(0.001789180612145935, shape=(), dtype=float64)"
"tf.Tensor(0.0001153277065618469, shape=(), dtype=float64)","tf.Tensor(0.0019447440771174875, shape=(), dtype=float64)"
"tf.Tensor(0.000108402816999767, shape=(), dtype=float64)","tf.Tensor(0.001992113244590626, shape=(), dtype=float64)"
"tf.Tensor(0.00011159223680852275, shape=(), dtype=float64)","tf.Tensor(0.001384093421924924, shape=(), dtype=float64)"
"tf.Tensor(0.00011240800196865778, shape=(), dtype=float64)","tf.Tensor(0.001967807922400247, shape=(), dtype=float64)"
"tf.Tensor(0.00010913126604986383, shape=(), dtype=float64)","tf.Tensor(0.001771751074454013, shape=(), dtype=float64)"
"tf.Tensor(0.00011345573198457421, shape=(), dtype=float64)","tf.Tensor(0.002456704922596043, shape=(), dtype=float64)"
"tf.Tensor(0.00011043059821326907, shape=(), dtype=float64)","tf.Tensor(0.0026933112400334444, shape=(), dtype=float64)"
"tf.Tensor(0.00011312646533536181, shape=(), dtype=float64)","tf.Tensor(0.001851362828959126, shape=(), dtype=float64)"
"tf.Tensor(0.00010770535145947437, shape=(), dtype=float64)","tf.Tensor(0.0018957549206861926, shape=(), dtype=float64)"
"tf.Tensor(0.00011297321433253663, shape=(), dtype=float64)","tf.Tensor(0.0013894326221344183, shape=(), dtype=float64)"
"tf.Tensor(0.00010713974485848603, shape=(), dtype=float64)","tf.Tensor(0.0020166039975589166, shape=(), dtype=float64)"
"tf.Tensor(0.00011988039761451439, shape=(), dtype=float64)","tf.Tensor(0.0014986555493627996, shape=(), dtype=float64)"
"tf.Tensor(0.00010597730047899807, shape=(), dtype=float64)","tf.Tensor(0.0021212759052965996, shape=(), dtype=float64)"
"tf.Tensor(0.00011660340869146169, shape=(), dtype=float64)","tf.Tensor(0.0018662334602584328, shape=(), dtype=float64)"
"tf.Tensor(0.0001243171104293234, shape=(), dtype=float64)","tf.Tensor(0.0018096665654818184, shape=(), dtype=float64)"
"tf.Tensor(0.00012178172339128781, shape=(), dtype=float64)","tf.Tensor(0.0012462749044537657, shape=(), dtype=float64)"
"tf.Tensor(0.0001259733206269372, shape=(), dtype=float64)","tf.Tensor(0.006560312810490449, shape=(), dtype=float64)"
"tf.Tensor(0.00011728446621240104, shape=(), dtype=float64)","tf.Tensor(0.003392384011773157, shape=(), dtype=float64)"
"tf.Tensor(0.00012263542196258942, shape=(), dtype=float64)","tf.Tensor(0.004139330085223935, shape=(), dtype=float64)"
"tf.Tensor(0.00012216313483418378, shape=(), dtype=float64)","tf.Tensor(0.002280385272362965, shape=(), dtype=float64)"
"tf.Tensor(0.00011607525486171541, shape=(), dtype=float64)","tf.Tensor(0.003231677169686156, shape=(), dtype=float64)"
"tf.Tensor(0.00011588307774025877, shape=(), dtype=float64)","tf.Tensor(0.002053516908336873, shape=(), dtype=float64)"
"tf.Tensor(0.00011720623409662541, shape=(), dtype=float64)","tf.Tensor(0.003608959894278558, shape=(), dtype=float64)"
"tf.Tensor(0.00011837554644034804, shape=(), dtype=float64)","tf.Tensor(0.004211372788792855, shape=(), dtype=float64)"
"tf.Tensor(0.00010850231428779787, shape=(), dtype=float64)","tf.Tensor(0.003279745089775215, shape=(), dtype=float64)"
"tf.Tensor(0.00011370007778283266, shape=(), dtype=float64)","tf.Tensor(0.0024108013210778984, shape=(), dtype=float64)"
"tf.Tensor(0.00011092368955126963, shape=(), dtype=float64)","tf.Tensor(0.0025197304175159354, shape=(), dtype=float64)"
"tf.Tensor(0.00010720438273887576, shape=(), dtype=float64)","tf.Tensor(0.002099410240907861, shape=(), dtype=float64)"
"tf.Tensor(0.00011725878273184879, shape=(), dtype=float64)","tf.Tensor(0.0030234420348206202, shape=(), dtype=float64)"
"tf.Tensor(0.000114700315202375, shape=(), dtype=float64)","tf.Tensor(0.0028707161701110834, shape=(), dtype=float64)"
"tf.Tensor(0.00011651700952013412, shape=(), dtype=float64)","tf.Tensor(0.0024498436976180798, shape=(), dtype=float64)"
"tf.Tensor(0.00011699281149168866, shape=(), dtype=float64)","tf.Tensor(0.003862876478734535, shape=(), dtype=float64)"
"tf.Tensor(0.00012245625642536977, shape=(), dtype=float64)","tf.Tensor(0.00298371766749882, shape=(), dtype=float64)"
"tf.Tensor(0.00012056481520313893, shape=(), dtype=float64)","tf.Tensor(0.0034500741019482663, shape=(), dtype=float64)"
"tf.Tensor(0.00011591279945201426, shape=(), dtype=float64)","tf.Tensor(0.0022064187536418303, shape=(), dtype=float64)"
"tf.Tensor(0.00011270299000411771, shape=(), dtype=float64)","tf.Tensor(0.0027802231749009783, shape=(), dtype=float64)"
"tf.Tensor(0.00010924117001764667, shape=(), dtype=float64)","tf.Tensor(0.0032930167798496507, shape=(), dtype=float64)"
"tf.Tensor(0.00012415731716169983, shape=(), dtype=float64)","tf.Tensor(0.003705052052734194, shape=(), dtype=float64)"
"tf.Tensor(0.00011673655207846574, shape=(), dtype=float64)","tf.Tensor(0.0033422818012218236, shape=(), dtype=float64)"
"tf.Tensor(0.00011128923956882489, shape=(), dtype=float64)","tf.Tensor(0.0029434934889464815, shape=(), dtype=float64)"
"tf.Tensor(0.00011443948328407643, shape=(), dtype=float64)","tf.Tensor(0.004028606670290763, shape=(), dtype=float64)"
"tf.Tensor(0.00011404158830000017, shape=(), dtype=float64)","tf.Tensor(0.003517761025109231, shape=(), dtype=float64)"
"tf.Tensor(0.00011357515496100976, shape=(), dtype=float64)","tf.Tensor(0.001823487532517014, shape=(), dtype=float64)"
"tf.Tensor(0.00011420223748116707, shape=(), dtype=float64)","tf.Tensor(0.001981197965850783, shape=(), dtype=float64)"
"tf.Tensor(0.00012036201532144139, shape=(), dtype=float64)","tf.Tensor(0.0021083414331510594, shape=(), dtype=float64)"
"tf.Tensor(0.0001315831186277097, shape=(), dtype=float64)","tf.Tensor(0.0033152100517988012, shape=(), dtype=float64)"
"tf.Tensor(0.00011478828051740177, shape=(), dtype=float64)","tf.Tensor(0.0018973717762773643, shape=(), dtype=float64)"
"tf.Tensor(0.00011542218667413925, shape=(), dtype=float64)","tf.Tensor(0.0021194604286366887, shape=(), dtype=float64)"
"tf.Tensor(0.00011954043086849516, shape=(), dtype=float64)","tf.Tensor(0.002544224913801086, shape=(), dtype=float64)"
"tf.Tensor(0.00011792718187887536, shape=(), dtype=float64)","tf.Tensor(0.002812011289133309, shape=(), dtype=float64)"
"tf.Tensor(0.00011197458363938085, shape=(), dtype=float64)","tf.Tensor(0.002976521836227798, shape=(), dtype=float64)"
"tf.Tensor(0.00011618518871461197, shape=(), dtype=float64)","tf.Tensor(0.0028377531363334143, shape=(), dtype=float64)"
"tf.Tensor(0.00012259412254388271, shape=(), dtype=float64)","tf.Tensor(0.002125328001300791, shape=(), dtype=float64)"
"tf.Tensor(0.0001156202582464385, shape=(), dtype=float64)","tf.Tensor(0.003337032818321175, shape=(), dtype=float64)"
"tf.Tensor(0.00012239556974528456, shape=(), dtype=float64)","tf.Tensor(0.004244121815749039, shape=(), dtype=float64)"
"tf.Tensor(0.0001092714425770144, shape=(), dtype=float64)","tf.Tensor(0.0028647485425413455, shape=(), dtype=float64)"
"tf.Tensor(0.00010953334990335115, shape=(), dtype=float64)","tf.Tensor(0.002019571432000613, shape=(), dtype=float64)"
"tf.Tensor(0.00011504973838792032, shape=(), dtype=float64)","tf.Tensor(0.001907906046155095, shape=(), dtype=float64)"
"tf.Tensor(0.00012126019041845158, shape=(), dtype=float64)","tf.Tensor(0.0028698753995501968, shape=(), dtype=float64)"
"tf.Tensor(0.00010644315079022704, shape=(), dtype=float64)","tf.Tensor(0.0019238280889989643, shape=(), dtype=float64)"
"tf.Tensor(0.00011643887018221108, shape=(), dtype=float64)","tf.Tensor(0.0024615939266361656, shape=(), dtype=float64)"
"tf.Tensor(0.00011321138303821251, shape=(), dtype=float64)","tf.Tensor(0.0024805344690614476, shape=(), dtype=float64)"
"tf.Tensor(0.00011575430453868056, shape=(), dtype=float64)","tf.Tensor(0.0023717052932897787, shape=(), dtype=float64)"
"tf.Tensor(0.00011766322384172676, shape=(), dtype=float64)","tf.Tensor(0.0024789660682566434, shape=(), dtype=float64)"
"tf.Tensor(0.00011707015483771859, shape=(), dtype=float64)","tf.Tensor(0.0033754273226309353, shape=(), dtype=float64)"
"tf.Tensor(0.00011516456699392667, shape=(), dtype=float64)","tf.Tensor(0.0022285906208877305, shape=(), dtype=float64)"
"tf.Tensor(0.00011512462075023513, shape=(), dtype=float64)","tf.Tensor(0.0021717751942514902, shape=(), dtype=float64)"
"tf.Tensor(0.00012340714382854916, shape=(), dtype=float64)","tf.Tensor(0.0020576982060859154, shape=(), dtype=float64)"
"tf.Tensor(0.00012155427392811378, shape=(), dtype=float64)","tf.Tensor(0.0035688443704411745, shape=(), dtype=float64)"
"tf.Tensor(0.00011896727364713554, shape=(), dtype=float64)","tf.Tensor(0.002710198380546071, shape=(), dtype=float64)"
"tf.Tensor(0.00011134843836410068, shape=(), dtype=float64)","tf.Tensor(0.002697617145795483, shape=(), dtype=float64)"
"tf.Tensor(0.00011091599310037183, shape=(), dtype=float64)","tf.Tensor(0.0022874130268430936, shape=(), dtype=float64)"
"tf.Tensor(0.00011006709839609965, shape=(), dtype=float64)","tf.Tensor(0.0016786355658283039, shape=(), dtype=float64)"
"tf.Tensor(0.00011879616385873683, shape=(), dtype=float64)","tf.Tensor(0.0016941307030994253, shape=(), dtype=float64)"
"tf.Tensor(0.0001192900254237345, shape=(), dtype=float64)","tf.Tensor(0.002268287465146491, shape=(), dtype=float64)"
"tf.Tensor(0.00011950971716344926, shape=(), dtype=float64)","tf.Tensor(0.002154943595990528, shape=(), dtype=float64)"
"tf.Tensor(0.00011231645892151976, shape=(), dtype=float64)","tf.Tensor(0.002399538510769285, shape=(), dtype=float64)"
"tf.Tensor(0.00011941338954872718, shape=(), dtype=float64)","tf.Tensor(0.002380039104418508, shape=(), dtype=float64)"
"tf.Tensor(0.00011461633529842885, shape=(), dtype=float64)","tf.Tensor(0.0021615677927226615, shape=(), dtype=float64)"
"tf.Tensor(0.0001087481723671586, shape=(), dtype=float64)","tf.Tensor(0.002370792581051129, shape=(), dtype=float64)"
"tf.Tensor(0.00012152876361199181, shape=(), dtype=float64)","tf.Tensor(0.0019148065134636828, shape=(), dtype=float64)"
"tf.Tensor(0.00012725683209259404, shape=(), dtype=float64)","tf.Tensor(0.0035540800808598915, shape=(), dtype=float64)"
"tf.Tensor(0.00010812316974365265, shape=(), dtype=float64)","tf.Tensor(0.0020725847039176643, shape=(), dtype=float64)"
"tf.Tensor(0.00011570098801763859, shape=(), dtype=float64)","tf.Tensor(0.0028088709132128836, shape=(), dtype=float64)"
"tf.Tensor(0.0001143482710046559, shape=(), dtype=float64)","tf.Tensor(0.002515582266072201, shape=(), dtype=float64)"
"tf.Tensor(0.00011486076907219964, shape=(), dtype=float64)","tf.Tensor(0.0024724437172877227, shape=(), dtype=float64)"
"tf.Tensor(0.00011813328215852086, shape=(), dtype=float64)","tf.Tensor(0.002251786489492856, shape=(), dtype=float64)"
"tf.Tensor(0.00011560740390196425, shape=(), dtype=float64)","tf.Tensor(0.002020526808726172, shape=(), dtype=float64)"
"tf.Tensor(0.00011240531289044934, shape=(), dtype=float64)","tf.Tensor(0.0029894225327524037, shape=(), dtype=float64)"
"tf.Tensor(0.00011864243911042652, shape=(), dtype=float64)","tf.Tensor(0.002008517895445609, shape=(), dtype=float64)"
"tf.Tensor(0.00011771575660642428, shape=(), dtype=float64)","tf.Tensor(0.0018899206482459365, shape=(), dtype=float64)"
"tf.Tensor(0.00011450413559981615, shape=(), dtype=float64)","tf.Tensor(0.0022333674861696063, shape=(), dtype=float64)"
"tf.Tensor(0.00011544751022301394, shape=(), dtype=float64)","tf.Tensor(0.0025887538835427165, shape=(), dtype=float64)"
"tf.Tensor(0.00011879662814849315, shape=(), dtype=float64)","tf.Tensor(0.0040030039393497965, shape=(), dtype=float64)"
"tf.Tensor(0.00012107123862773281, shape=(), dtype=float64)","tf.Tensor(0.002531455857567616, shape=(), dtype=float64)"
"tf.Tensor(0.00011377774293436314, shape=(), dtype=float64)","tf.Tensor(0.0020945484170339277, shape=(), dtype=float64)"
"tf.Tensor(0.00011652878400082538, shape=(), dtype=float64)","tf.Tensor(0.0018675376737112026, shape=(), dtype=float64)"
"tf.Tensor(0.00011731416520445116, shape=(), dtype=float64)","tf.Tensor(0.0030476426955434593, shape=(), dtype=float64)"
"tf.Tensor(0.00011172709562561624, shape=(), dtype=float64)","tf.Tensor(0.002245866841288646, shape=(), dtype=float64)"
"tf.Tensor(0.00011336476858237959, shape=(), dtype=float64)","tf.Tensor(0.0015868300943131322, shape=(), dtype=float64)"
"tf.Tensor(0.00010526352206478416, shape=(), dtype=float64)","tf.Tensor(0.0016343426423457946, shape=(), dtype=float64)"
"tf.Tensor(0.00011928893244594568, shape=(), dtype=float64)","tf.Tensor(0.0028479843543888156, shape=(), dtype=float64)"
"tf.Tensor(0.00011378424883526742, shape=(), dtype=float64)","tf.Tensor(0.0016955293100382014, shape=(), dtype=float64)"
"tf.Tensor(0.00011293109693646009, shape=(), dtype=float64)","tf.Tensor(0.0021893535017750558, shape=(), dtype=float64)"
"tf.Tensor(0.00011525952886154885, shape=(), dtype=float64)","tf.Tensor(0.002355584572373398, shape=(), dtype=float64)"
"tf.Tensor(0.00012014533818421605, shape=(), dtype=float64)","tf.Tensor(0.00212174216514685, shape=(), dtype=float64)"
"tf.Tensor(0.0001273341549300809, shape=(), dtype=float64)","tf.Tensor(0.0018810185164814608, shape=(), dtype=float64)"
"tf.Tensor(0.00011972524337288034, shape=(), dtype=float64)","tf.Tensor(0.0028425185753128066, shape=(), dtype=float64)"
"tf.Tensor(0.00011673344753829242, shape=(), dtype=float64)","tf.Tensor(0.0034799306053531014, shape=(), dtype=float64)"
"tf.Tensor(0.00011850669273968023, shape=(), dtype=float64)","tf.Tensor(0.002471200312865798, shape=(), dtype=float64)"
"tf.Tensor(0.0001139886538272777, shape=(), dtype=float64)","tf.Tensor(0.002743077853199642, shape=(), dtype=float64)"
"tf.Tensor(0.00010648083853681954, shape=(), dtype=float64)","tf.Tensor(0.002474723995698556, shape=(), dtype=float64)"
"tf.Tensor(0.0001171445863051335, shape=(), dtype=float64)","tf.Tensor(0.0021932390868687024, shape=(), dtype=float64)"
"tf.Tensor(0.0001232229244048867, shape=(), dtype=float64)","tf.Tensor(0.0020034788729810116, shape=(), dtype=float64)"
"tf.Tensor(0.00012348658091678027, shape=(), dtype=float64)","tf.Tensor(0.003153397223726402, shape=(), dtype=float64)"
"tf.Tensor(0.00011439731518459812, shape=(), dtype=float64)","tf.Tensor(0.002187285816762541, shape=(), dtype=float64)"
"tf.Tensor(0.00011798472828170288, shape=(), dtype=float64)","tf.Tensor(0.001685935103005102, shape=(), dtype=float64)"
"tf.Tensor(0.00011963647392609157, shape=(), dtype=float64)","tf.Tensor(0.0032471136613522423, shape=(), dtype=float64)"
"tf.Tensor(0.00010995323909217132, shape=(), dtype=float64)","tf.Tensor(0.002905690588489407, shape=(), dtype=float64)"
"tf.Tensor(0.00011586612717973752, shape=(), dtype=float64)","tf.Tensor(0.0031748090090277306, shape=(), dtype=float64)"
"tf.Tensor(0.00011266996634110306, shape=(), dtype=float64)","tf.Tensor(0.0015786959670352132, shape=(), dtype=float64)"
"tf.Tensor(0.00011611399468373462, shape=(), dtype=float64)","tf.Tensor(0.0021484353355914706, shape=(), dtype=float64)"
"tf.Tensor(0.00011756349893759573, shape=(), dtype=float64)","tf.Tensor(0.002447606549258739, shape=(), dtype=float64)"
"tf.Tensor(0.00011592677110013386, shape=(), dtype=float64)","tf.Tensor(0.002314992825444346, shape=(), dtype=float64)"
"tf.Tensor(0.00012243403840078156, shape=(), dtype=float64)","tf.Tensor(0.0016449077037873874, shape=(), dtype=float64)"
"tf.Tensor(0.00011632231445760293, shape=(), dtype=float64)","tf.Tensor(0.0016386615965263123, shape=(), dtype=float64)"
"tf.Tensor(0.0001206087993791845, shape=(), dtype=float64)","tf.Tensor(0.0025877986103304365, shape=(), dtype=float64)"
"tf.Tensor(0.00011708042642780112, shape=(), dtype=float64)","tf.Tensor(0.00224288703906295, shape=(), dtype=float64)"
"tf.Tensor(0.00011402196157271496, shape=(), dtype=float64)","tf.Tensor(0.0019725835751747242, shape=(), dtype=float64)"
"tf.Tensor(0.00011906804785598505, shape=(), dtype=float64)","tf.Tensor(0.002174069308965559, shape=(), dtype=float64)"
"tf.Tensor(0.00011090268002931867, shape=(), dtype=float64)","tf.Tensor(0.0029360490111673032, shape=(), dtype=float64)"
"tf.Tensor(0.00011226491837908835, shape=(), dtype=float64)","tf.Tensor(0.0030509371017604873, shape=(), dtype=float64)"
"tf.Tensor(0.00011347408366270727, shape=(), dtype=float64)","tf.Tensor(0.002638073602934166, shape=(), dtype=float64)"
"tf.Tensor(0.00011644312974186414, shape=(), dtype=float64)","tf.Tensor(0.0025644400337314, shape=(), dtype=float64)"
"tf.Tensor(0.00012053855114700243, shape=(), dtype=float64)","tf.Tensor(0.004416769605400989, shape=(), dtype=float64)"
"tf.Tensor(0.0001115836012177964, shape=(), dtype=float64)","tf.Tensor(0.00207412255380762, shape=(), dtype=float64)"
"tf.Tensor(0.00010459978549202148, shape=(), dtype=float64)","tf.Tensor(0.0018008892828896227, shape=(), dtype=float64)"
"tf.Tensor(0.00011629618178613962, shape=(), dtype=float64)","tf.Tensor(0.0021305950540644156, shape=(), dtype=float64)"
"tf.Tensor(0.0001169436629741487, shape=(), dtype=float64)","tf.Tensor(0.0020677334617095473, shape=(), dtype=float64)"
"tf.Tensor(0.00012177516723498414, shape=(), dtype=float64)","tf.Tensor(0.0022755727521289264, shape=(), dtype=float64)"
"tf.Tensor(0.0001071575108989224, shape=(), dtype=float64)","tf.Tensor(0.0025640366174277123, shape=(), dtype=float64)"
"tf.Tensor(0.00011363919083588362, shape=(), dtype=float64)","tf.Tensor(0.0022562530931543737, shape=(), dtype=float64)"
"tf.Tensor(0.00011616348927219132, shape=(), dtype=float64)","tf.Tensor(0.003128720204087437, shape=(), dtype=float64)"
"tf.Tensor(0.00010782704080852953, shape=(), dtype=float64)","tf.Tensor(0.0022058501715111127, shape=(), dtype=float64)"
"tf.Tensor(0.00010650459695731456, shape=(), dtype=float64)","tf.Tensor(0.0019320493096316145, shape=(), dtype=float64)"
"tf.Tensor(0.00011535117559074449, shape=(), dtype=float64)","tf.Tensor(0.00210557673383792, shape=(), dtype=float64)"
"tf.Tensor(0.00011476511756226236, shape=(), dtype=float64)","tf.Tensor(0.00288371890322171, shape=(), dtype=float64)"
"tf.Tensor(0.00011296937443834555, shape=(), dtype=float64)","tf.Tensor(0.0024462030010761024, shape=(), dtype=float64)"
"tf.Tensor(0.00011425606272200643, shape=(), dtype=float64)","tf.Tensor(0.002555471950238645, shape=(), dtype=float64)"
"tf.Tensor(0.00011379219891735756, shape=(), dtype=float64)","tf.Tensor(0.00246153602769407, shape=(), dtype=float64)"
"tf.Tensor(0.00011506881679995487, shape=(), dtype=float64)","tf.Tensor(0.0025574274385690046, shape=(), dtype=float64)"
"tf.Tensor(0.00012253127210274815, shape=(), dtype=float64)","tf.Tensor(0.0026100925620997054, shape=(), dtype=float64)"
"tf.Tensor(0.00011830721263252045, shape=(), dtype=float64)","tf.Tensor(0.0031711097245064493, shape=(), dtype=float64)"
"tf.Tensor(0.00011474526184266284, shape=(), dtype=float64)","tf.Tensor(0.002319814766961929, shape=(), dtype=float64)"
"tf.Tensor(0.00012186231438166182, shape=(), dtype=float64)","tf.Tensor(0.0021923881248488756, shape=(), dtype=float64)"
"tf.Tensor(0.00011402535162764773, shape=(), dtype=float64)","tf.Tensor(0.0018886011735991266, shape=(), dtype=float64)"
"tf.Tensor(0.00011409329644626925, shape=(), dtype=float64)","tf.Tensor(0.0014662734421362143, shape=(), dtype=float64)"
"tf.Tensor(0.00011700600804729261, shape=(), dtype=float64)","tf.Tensor(0.0017559084567534643, shape=(), dtype=float64)"
"tf.Tensor(0.00011921986280372668, shape=(), dtype=float64)","tf.Tensor(0.001934217690586935, shape=(), dtype=float64)"
"tf.Tensor(0.0001095695597128508, shape=(), dtype=float64)","tf.Tensor(0.0019456506485923276, shape=(), dtype=float64)"
"tf.Tensor(0.0001101732851626029, shape=(), dtype=float64)","tf.Tensor(0.0028325731400340843, shape=(), dtype=float64)"
"tf.Tensor(0.00011508623708237787, shape=(), dtype=float64)","tf.Tensor(0.00138617251922962, shape=(), dtype=float64)"
"tf.Tensor(0.00011514580365303364, shape=(), dtype=float64)","tf.Tensor(0.002646996466694972, shape=(), dtype=float64)"
"tf.Tensor(0.00011564429821762798, shape=(), dtype=float64)","tf.Tensor(0.00185049149645687, shape=(), dtype=float64)"
"tf.Tensor(0.00011788658928823316, shape=(), dtype=float64)","tf.Tensor(0.0025380715461388492, shape=(), dtype=float64)"
"tf.Tensor(0.0001054741734611148, shape=(), dtype=float64)","tf.Tensor(0.0018268039435640631, shape=(), dtype=float64)"
"tf.Tensor(0.00012143281424191991, shape=(), dtype=float64)","tf.Tensor(0.0022526499364866337, shape=(), dtype=float64)"
"tf.Tensor(0.00011753512209705712, shape=(), dtype=float64)","tf.Tensor(0.00198302180836371, shape=(), dtype=float64)"
"tf.Tensor(0.00011579317468575369, shape=(), dtype=float64)","tf.Tensor(0.0019634433489960114, shape=(), dtype=float64)"
"tf.Tensor(0.00010831514575640436, shape=(), dtype=float64)","tf.Tensor(0.0029442304564365877, shape=(), dtype=float64)"
"tf.Tensor(0.0001106018180927032, shape=(), dtype=float64)","tf.Tensor(0.0020361164138971073, shape=(), dtype=float64)"
"tf.Tensor(0.00011611347054711839, shape=(), dtype=float64)","tf.Tensor(0.00222585631920147, shape=(), dtype=float64)"
"tf.Tensor(0.0001145977731458631, shape=(), dtype=float64)","tf.Tensor(0.0025512351097483656, shape=(), dtype=float64)"
"tf.Tensor(0.00011532801039751482, shape=(), dtype=float64)","tf.Tensor(0.0018558997505954238, shape=(), dtype=float64)"
"tf.Tensor(0.00011355528585000037, shape=(), dtype=float64)","tf.Tensor(0.0025469758538000744, shape=(), dtype=float64)"
"tf.Tensor(0.0001187040391830518, shape=(), dtype=float64)","tf.Tensor(0.0022967825241941684, shape=(), dtype=float64)"
"tf.Tensor(0.00011705948234573398, shape=(), dtype=float64)","tf.Tensor(0.0028110169552286067, shape=(), dtype=float64)"
"tf.Tensor(0.00010481460914702318, shape=(), dtype=float64)","tf.Tensor(0.002934860147800102, shape=(), dtype=float64)"
"tf.Tensor(0.00011304758107389442, shape=(), dtype=float64)","tf.Tensor(0.0024083947702195855, shape=(), dtype=float64)"
"tf.Tensor(0.00011862445493442869, shape=(), dtype=float64)","tf.Tensor(0.0030736815480189375, shape=(), dtype=float64)"
"tf.Tensor(0.00011241084995561033, shape=(), dtype=float64)","tf.Tensor(0.0016893432185655054, shape=(), dtype=float64)"
"tf.Tensor(0.0001074750803060195, shape=(), dtype=float64)","tf.Tensor(0.0026692180014211606, shape=(), dtype=float64)"
"tf.Tensor(0.00011332476151789327, shape=(), dtype=float64)","tf.Tensor(0.0024893509537558356, shape=(), dtype=float64)"
"tf.Tensor(0.00012180280691434167, shape=(), dtype=float64)","tf.Tensor(0.0023980024898314902, shape=(), dtype=float64)"
"tf.Tensor(0.00011910884800597094, shape=(), dtype=float64)","tf.Tensor(0.0018138490919790366, shape=(), dtype=float64)"
"tf.Tensor(0.00010898213646506262, shape=(), dtype=float64)","tf.Tensor(0.00231097318539982, shape=(), dtype=float64)"
"tf.Tensor(0.00011614761035910971, shape=(), dtype=float64)","tf.Tensor(0.001776015002025969, shape=(), dtype=float64)"
"tf.Tensor(0.00011566452548070972, shape=(), dtype=float64)","tf.Tensor(0.0015050531970930113, shape=(), dtype=float64)"
"tf.Tensor(0.0001161996547618384, shape=(), dtype=float64)","tf.Tensor(0.001509433299559136, shape=(), dtype=float64)"
"tf.Tensor(0.0001139917959013992, shape=(), dtype=float64)","tf.Tensor(0.0023275305683663865, shape=(), dtype=float64)"
"tf.Tensor(0.00012406379818158872, shape=(), dtype=float64)","tf.Tensor(0.0022141400893686473, shape=(), dtype=float64)"
"tf.Tensor(0.000112500263811111, shape=(), dtype=float64)","tf.Tensor(0.0019438191530890435, shape=(), dtype=float64)"
"tf.Tensor(0.00011051580163346217, shape=(), dtype=float64)","tf.Tensor(0.001937213796626931, shape=(), dtype=float64)"
"tf.Tensor(0.0001150398206310182, shape=(), dtype=float64)","tf.Tensor(0.0018735080011884567, shape=(), dtype=float64)"
"tf.Tensor(0.000113744800513362, shape=(), dtype=float64)","tf.Tensor(0.003276742769126992, shape=(), dtype=float64)"
"tf.Tensor(0.00010777563098199188, shape=(), dtype=float64)","tf.Tensor(0.0017507458834483023, shape=(), dtype=float64)"
"tf.Tensor(0.00011455700473381982, shape=(), dtype=float64)","tf.Tensor(0.0027725796333171217, shape=(), dtype=float64)"
"tf.Tensor(0.00011275931182023113, shape=(), dtype=float64)","tf.Tensor(0.0020830249535964103, shape=(), dtype=float64)"
"tf.Tensor(0.00011500297127230834, shape=(), dtype=float64)","tf.Tensor(0.0019314343699190903, shape=(), dtype=float64)"
"tf.Tensor(0.00011334428021095901, shape=(), dtype=float64)","tf.Tensor(0.001438527119778394, shape=(), dtype=float64)"
"tf.Tensor(0.00011208528532966935, shape=(), dtype=float64)","tf.Tensor(0.002384975110168392, shape=(), dtype=float64)"
"tf.Tensor(0.00012011418991331466, shape=(), dtype=float64)","tf.Tensor(0.002184895844570446, shape=(), dtype=float64)"
"tf.Tensor(0.00010794168417366056, shape=(), dtype=float64)","tf.Tensor(0.0016638964885298977, shape=(), dtype=float64)"
"tf.Tensor(0.00010940802513249398, shape=(), dtype=float64)","tf.Tensor(0.0020490429187209605, shape=(), dtype=float64)"
"tf.Tensor(0.00011634881060374643, shape=(), dtype=float64)","tf.Tensor(0.0021246654717033877, shape=(), dtype=float64)"
"tf.Tensor(0.00011159598165505059, shape=(), dtype=float64)","tf.Tensor(0.0019693149231029285, shape=(), dtype=float64)"
"tf.Tensor(0.00010894031776755243, shape=(), dtype=float64)","tf.Tensor(0.0018543894754947453, shape=(), dtype=float64)"
"tf.Tensor(0.00011121401995986415, shape=(), dtype=float64)","tf.Tensor(0.0020554294882886267, shape=(), dtype=float64)"
"tf.Tensor(0.00011507701712958338, shape=(), dtype=float64)","tf.Tensor(0.0017500469422046911, shape=(), dtype=float64)"
"tf.Tensor(0.00011061921353515965, shape=(), dtype=float64)","tf.Tensor(0.0015458910719340026, shape=(), dtype=float64)"
"tf.Tensor(0.00011140227174874726, shape=(), dtype=float64)","tf.Tensor(0.002050878998525883, shape=(), dtype=float64)"
"tf.Tensor(0.00012002702535800951, shape=(), dtype=float64)","tf.Tensor(0.0021283758552873037, shape=(), dtype=float64)"
"tf.Tensor(0.00011386171006012238, shape=(), dtype=float64)","tf.Tensor(0.0022935225774717454, shape=(), dtype=float64)"
"tf.Tensor(0.00011590320235602751, shape=(), dtype=float64)","tf.Tensor(0.0019797220631505423, shape=(), dtype=float64)"
"tf.Tensor(0.00011557340326589426, shape=(), dtype=float64)","tf.Tensor(0.002245237778390771, shape=(), dtype=float64)"
"tf.Tensor(0.00010798636118768766, shape=(), dtype=float64)","tf.Tensor(0.0022813956920348408, shape=(), dtype=float64)"
"tf.Tensor(0.0001118951914817764, shape=(), dtype=float64)","tf.Tensor(0.002301041903290729, shape=(), dtype=float64)"
"tf.Tensor(0.00011160916208379348, shape=(), dtype=float64)","tf.Tensor(0.002187148016366417, shape=(), dtype=float64)"
"tf.Tensor(0.00010670124602422501, shape=(), dtype=float64)","tf.Tensor(0.0019922714808169257, shape=(), dtype=float64)"
"tf.Tensor(0.00012161857080987398, shape=(), dtype=float64)","tf.Tensor(0.001541934850983458, shape=(), dtype=float64)"
"tf.Tensor(0.00011682328711745189, shape=(), dtype=float64)","tf.Tensor(0.002130838549758143, shape=(), dtype=float64)"
"tf.Tensor(0.00011947794976052455, shape=(), dtype=float64)","tf.Tensor(0.0021601462255664327, shape=(), dtype=float64)"
"tf.Tensor(0.00011360440031572396, shape=(), dtype=float64)","tf.Tensor(0.0015640980477137382, shape=(), dtype=float64)"
"tf.Tensor(0.00010840973400078246, shape=(), dtype=float64)","tf.Tensor(0.002719698487448872, shape=(), dtype=float64)"
"tf.Tensor(0.00011577535041734264, shape=(), dtype=float64)","tf.Tensor(0.0014671466146431878, shape=(), dtype=float64)"
"tf.Tensor(0.00012652757777064248, shape=(), dtype=float64)","tf.Tensor(0.0018250839193337763, shape=(), dtype=float64)"
"tf.Tensor(0.0001231947894583631, shape=(), dtype=float64)","tf.Tensor(0.002863971701223277, shape=(), dtype=float64)"
"tf.Tensor(0.00011382965990083658, shape=(), dtype=float64)","tf.Tensor(0.0019721744948580974, shape=(), dtype=float64)"
"tf.Tensor(0.00010557371686052328, shape=(), dtype=float64)","tf.Tensor(0.0016132582146775871, shape=(), dtype=float64)"
"tf.Tensor(0.00011655203226244961, shape=(), dtype=float64)","tf.Tensor(0.002217478967065435, shape=(), dtype=float64)"
"tf.Tensor(0.00011529084763205174, shape=(), dtype=float64)","tf.Tensor(0.001910569946172689, shape=(), dtype=float64)"
"tf.Tensor(0.00011552754899696275, shape=(), dtype=float64)","tf.Tensor(0.0018730027041137399, shape=(), dtype=float64)"
"tf.Tensor(0.00010113646513388635, shape=(), dtype=float64)","tf.Tensor(0.0015517623919661463, shape=(), dtype=float64)"
"tf.Tensor(0.00012179041173913665, shape=(), dtype=float64)","tf.Tensor(0.001492361052015724, shape=(), dtype=float64)"
"tf.Tensor(0.00011531283878618653, shape=(), dtype=float64)","tf.Tensor(0.0017644050139715268, shape=(), dtype=float64)"
"tf.Tensor(0.00011327446022787693, shape=(), dtype=float64)","tf.Tensor(0.001951187008768749, shape=(), dtype=float64)"
"tf.Tensor(0.0001157986682418138, shape=(), dtype=float64)","tf.Tensor(0.0017339141568418813, shape=(), dtype=float64)"
"tf.Tensor(0.00011373462141019951, shape=(), dtype=float64)","tf.Tensor(0.0019935774146195937, shape=(), dtype=float64)"
"tf.Tensor(0.00010820702025862059, shape=(), dtype=float64)","tf.Tensor(0.0016737975445503272, shape=(), dtype=float64)"
"tf.Tensor(0.00011088690069472477, shape=(), dtype=float64)","tf.Tensor(0.0023183267940611006, shape=(), dtype=float64)"
"tf.Tensor(0.00011660819495250373, shape=(), dtype=float64)","tf.Tensor(0.0018341701463539964, shape=(), dtype=float64)"
"tf.Tensor(0.00011428850388241622, shape=(), dtype=float64)","tf.Tensor(0.0021649162223602125, shape=(), dtype=float64)"
"tf.Tensor(0.00011173811732435399, shape=(), dtype=float64)","tf.Tensor(0.0015285475138375173, shape=(), dtype=float64)"
"tf.Tensor(0.0001220381325180887, shape=(), dtype=float64)","tf.Tensor(0.0019209299707998115, shape=(), dtype=float64)"
"tf.Tensor(0.00010609079749163684, shape=(), dtype=float64)","tf.Tensor(0.0014537644380479455, shape=(), dtype=float64)"
"tf.Tensor(0.00011539431327050775, shape=(), dtype=float64)","tf.Tensor(0.0014283684626600881, shape=(), dtype=float64)"
"tf.Tensor(0.00010857227998738217, shape=(), dtype=float64)","tf.Tensor(0.002336035178919611, shape=(), dtype=float64)"
"tf.Tensor(0.00011565994724344573, shape=(), dtype=float64)","tf.Tensor(0.001873386284648881, shape=(), dtype=float64)"
"tf.Tensor(0.00011860625319450221, shape=(), dtype=float64)","tf.Tensor(0.0022067023096873895, shape=(), dtype=float64)"
"tf.Tensor(0.00012165573601992366, shape=(), dtype=float64)","tf.Tensor(0.0014874446775087042, shape=(), dtype=float64)"
"tf.Tensor(0.00010283074329234937, shape=(), dtype=float64)","tf.Tensor(0.0026550183516133776, shape=(), dtype=float64)"
"tf.Tensor(0.00011802620920630072, shape=(), dtype=float64)","tf.Tensor(0.0016711540134904251, shape=(), dtype=float64)"
"tf.Tensor(0.00011255782542469444, shape=(), dtype=float64)","tf.Tensor(0.002334545218501837, shape=(), dtype=float64)"
"tf.Tensor(0.00011789069064236074, shape=(), dtype=float64)","tf.Tensor(0.0020420560628636526, shape=(), dtype=float64)"
"tf.Tensor(0.00012387926465380635, shape=(), dtype=float64)","tf.Tensor(0.001411505619492457, shape=(), dtype=float64)"
"tf.Tensor(0.00011671428979201509, shape=(), dtype=float64)","tf.Tensor(0.001828838161172117, shape=(), dtype=float64)"
"tf.Tensor(0.00011156013591598141, shape=(), dtype=float64)","tf.Tensor(0.0017995103277889009, shape=(), dtype=float64)"
"tf.Tensor(0.00011153981887395954, shape=(), dtype=float64)","tf.Tensor(0.0019053735392124786, shape=(), dtype=float64)"
"tf.Tensor(0.00011950805313554622, shape=(), dtype=float64)","tf.Tensor(0.0015077571581778395, shape=(), dtype=float64)"
"tf.Tensor(0.00010626166908298202, shape=(), dtype=float64)","tf.Tensor(0.001620232761151249, shape=(), dtype=float64)"
"tf.Tensor(0.0001244866402728886, shape=(), dtype=float64)","tf.Tensor(0.0015552151148494184, shape=(), dtype=float64)"
"tf.Tensor(0.00011883537937090287, shape=(), dtype=float64)","tf.Tensor(0.002700755704626777, shape=(), dtype=float64)"
"tf.Tensor(0.00010687658214112221, shape=(), dtype=float64)","tf.Tensor(0.0019633588401978498, shape=(), dtype=float64)"
"tf.Tensor(0.00011031277470846536, shape=(), dtype=float64)","tf.Tensor(0.0019648075317894526, shape=(), dtype=float64)"
"tf.Tensor(0.00010753201571075531, shape=(), dtype=float64)","tf.Tensor(0.0016410011375178378, shape=(), dtype=float64)"
"tf.Tensor(0.00010761934520839944, shape=(), dtype=float64)","tf.Tensor(0.0017729412062030606, shape=(), dtype=float64)"
"tf.Tensor(0.00012020318005693838, shape=(), dtype=float64)","tf.Tensor(0.0019267596631072233, shape=(), dtype=float64)"
"tf.Tensor(0.00012093537254312898, shape=(), dtype=float64)","tf.Tensor(0.0037949820161604893, shape=(), dtype=float64)"
"tf.Tensor(0.00012116628994475012, shape=(), dtype=float64)","tf.Tensor(0.0021488271153862594, shape=(), dtype=float64)"
"tf.Tensor(0.00011881776274679298, shape=(), dtype=float64)","tf.Tensor(0.0021336789206765584, shape=(), dtype=float64)"
"tf.Tensor(0.0001027900945379244, shape=(), dtype=float64)","tf.Tensor(0.0023477951659300056, shape=(), dtype=float64)"
"tf.Tensor(0.00011630517291077872, shape=(), dtype=float64)","tf.Tensor(0.0018663785138373537, shape=(), dtype=float64)"
"tf.Tensor(0.00010839940062335348, shape=(), dtype=float64)","tf.Tensor(0.001961929491688383, shape=(), dtype=float64)"
"tf.Tensor(0.00011709830620706819, shape=(), dtype=float64)","tf.Tensor(0.0016879297363825128, shape=(), dtype=float64)"
"tf.Tensor(0.00011895677759163032, shape=(), dtype=float64)","tf.Tensor(0.002346735612293041, shape=(), dtype=float64)"
"tf.Tensor(0.00010953369256492346, shape=(), dtype=float64)","tf.Tensor(0.002793419518517261, shape=(), dtype=float64)"
"tf.Tensor(0.00011815963715158882, shape=(), dtype=float64)","tf.Tensor(0.0015139346271369454, shape=(), dtype=float64)"
"tf.Tensor(0.00010751514597631955, shape=(), dtype=float64)","tf.Tensor(0.0020231267400476313, shape=(), dtype=float64)"
"tf.Tensor(0.0001081721692794934, shape=(), dtype=float64)","tf.Tensor(0.0017080149375766302, shape=(), dtype=float64)"
"tf.Tensor(0.00011552241552380644, shape=(), dtype=float64)","tf.Tensor(0.0016244151548105922, shape=(), dtype=float64)"
"tf.Tensor(0.00010735348054629002, shape=(), dtype=float64)","tf.Tensor(0.0017622630370931836, shape=(), dtype=float64)"
"tf.Tensor(0.00010712765807709791, shape=(), dtype=float64)","tf.Tensor(0.0021215125361173925, shape=(), dtype=float64)"
"tf.Tensor(0.0001069708314438049, shape=(), dtype=float64)","tf.Tensor(0.0019301674442036211, shape=(), dtype=float64)"
"tf.Tensor(0.00011334390115117931, shape=(), dtype=float64)","tf.Tensor(0.001140294155402804, shape=(), dtype=float64)"
"tf.Tensor(0.00011343423677197521, shape=(), dtype=float64)","tf.Tensor(0.0013163558602679068, shape=(), dtype=float64)"
"tf.Tensor(0.0001073270883514937, shape=(), dtype=float64)","tf.Tensor(0.0017953842574396006, shape=(), dtype=float64)"
"tf.Tensor(0.00010888533980165307, shape=(), dtype=float64)","tf.Tensor(0.0014665774382640738, shape=(), dtype=float64)"
"tf.Tensor(0.00011035988920286406, shape=(), dtype=float64)","tf.Tensor(0.0012314320315358735, shape=(), dtype=float64)"
"tf.Tensor(0.0001142535389863454, shape=(), dtype=float64)","tf.Tensor(0.0011135228632361974, shape=(), dtype=float64)"
"tf.Tensor(0.00012072186201521031, shape=(), dtype=float64)","tf.Tensor(0.0013729924938504815, shape=(), dtype=float64)"
"tf.Tensor(0.00010532547829737363, shape=(), dtype=float64)","tf.Tensor(0.0010462706195020351, shape=(), dtype=float64)"
"tf.Tensor(0.00010411712066223454, shape=(), dtype=float64)","tf.Tensor(0.0012334036729691887, shape=(), dtype=float64)"
"tf.Tensor(0.00010561972056728463, shape=(), dtype=float64)","tf.Tensor(0.001299426921855536, shape=(), dtype=float64)"
"tf.Tensor(0.00010747722754567893, shape=(), dtype=float64)","tf.Tensor(0.0013074518127264244, shape=(), dtype=float64)"
"tf.Tensor(0.00011270427452665138, shape=(), dtype=float64)","tf.Tensor(0.002175562364198348, shape=(), dtype=float64)"
"tf.Tensor(9.938411582879345e-05, shape=(), dtype=float64)","tf.Tensor(0.0013582226356063803, shape=(), dtype=float64)"
"tf.Tensor(0.00011326242875052323, shape=(), dtype=float64)","tf.Tensor(0.001513504521312532, shape=(), dtype=float64)"
"tf.Tensor(0.00010352981243036902, shape=(), dtype=float64)","tf.Tensor(0.0013162156859575305, shape=(), dtype=float64)"
"tf.Tensor(0.00011159884858814356, shape=(), dtype=float64)","tf.Tensor(0.0012534799790718384, shape=(), dtype=float64)"
"tf.Tensor(0.0001097930081990801, shape=(), dtype=float64)","tf.Tensor(0.0018959977260115282, shape=(), dtype=float64)"
"tf.Tensor(0.00010652658502433405, shape=(), dtype=float64)","tf.Tensor(0.0013038572168305774, shape=(), dtype=float64)"
"tf.Tensor(0.00010681065432347802, shape=(), dtype=float64)","tf.Tensor(0.0018969077908556472, shape=(), dtype=float64)"
"tf.Tensor(0.00011675611994604607, shape=(), dtype=float64)","tf.Tensor(0.0013362994413112861, shape=(), dtype=float64)"
"tf.Tensor(0.00010766109253233121, shape=(), dtype=float64)","tf.Tensor(0.001733517224578333, shape=(), dtype=float64)"
"tf.Tensor(0.00010557066551208886, shape=(), dtype=float64)","tf.Tensor(0.0021642631212578645, shape=(), dtype=float64)"
"tf.Tensor(0.00011196302477695458, shape=(), dtype=float64)","tf.Tensor(0.0021331444918963076, shape=(), dtype=float64)"
"tf.Tensor(0.00010327901267091739, shape=(), dtype=float64)","tf.Tensor(0.0014487488396123418, shape=(), dtype=float64)"
"tf.Tensor(0.00010572559547772755, shape=(), dtype=float64)","tf.Tensor(0.0027171039940615234, shape=(), dtype=float64)"
"tf.Tensor(0.00011402793101008444, shape=(), dtype=float64)","tf.Tensor(0.002031686489328347, shape=(), dtype=float64)"
"tf.Tensor(0.00011174235513603901, shape=(), dtype=float64)","tf.Tensor(0.0016042954875720254, shape=(), dtype=float64)"
"tf.Tensor(0.00010960913030339107, shape=(), dtype=float64)","tf.Tensor(0.0018070638990984075, shape=(), dtype=float64)"
"tf.Tensor(0.00010081311506164347, shape=(), dtype=float64)","tf.Tensor(0.001217632866336369, shape=(), dtype=float64)"
"tf.Tensor(0.00010554176077807271, shape=(), dtype=float64)","tf.Tensor(0.0020145433274553087, shape=(), dtype=float64)"
"tf.Tensor(0.00010690892980865119, shape=(), dtype=float64)","tf.Tensor(0.0015459888152614014, shape=(), dtype=float64)"
"tf.Tensor(0.00010237439117705694, shape=(), dtype=float64)","tf.Tensor(0.0016221755960378777, shape=(), dtype=float64)"
"tf.Tensor(0.00011188477245239109, shape=(), dtype=float64)","tf.Tensor(0.0019723913687841447, shape=(), dtype=float64)"
"tf.Tensor(0.00010766262416402499, shape=(), dtype=float64)","tf.Tensor(0.0016596510177052097, shape=(), dtype=float64)"
"tf.Tensor(0.00010104625677770607, shape=(), dtype=float64)","tf.Tensor(0.0021318675032994333, shape=(), dtype=float64)"
"tf.Tensor(0.00010905702901104748, shape=(), dtype=float64)","tf.Tensor(0.0013182841359458217, shape=(), dtype=float64)"
"tf.Tensor(0.00010857844263513169, shape=(), dtype=float64)","tf.Tensor(0.0017905186080515003, shape=(), dtype=float64)"
"tf.Tensor(0.00011169195821937783, shape=(), dtype=float64)","tf.Tensor(0.0015923431471278368, shape=(), dtype=float64)"
"tf.Tensor(0.00010479440184923673, shape=(), dtype=float64)","tf.Tensor(0.0031337704183865816, shape=(), dtype=float64)"
"tf.Tensor(0.0001070149462268514, shape=(), dtype=float64)","tf.Tensor(0.0014906103829660112, shape=(), dtype=float64)"
"tf.Tensor(0.00010021406420783097, shape=(), dtype=float64)","tf.Tensor(0.0013229716828656577, shape=(), dtype=float64)"
"tf.Tensor(0.00010872663503712155, shape=(), dtype=float64)","tf.Tensor(0.0012809358048473335, shape=(), dtype=float64)"
"tf.Tensor(0.0001129686528651424, shape=(), dtype=float64)","tf.Tensor(0.0011450910297207094, shape=(), dtype=float64)"
"tf.Tensor(0.00010641270646307509, shape=(), dtype=float64)","tf.Tensor(0.0015328713704438998, shape=(), dtype=float64)"
"tf.Tensor(0.0001018323937019378, shape=(), dtype=float64)","tf.Tensor(0.003451936496724338, shape=(), dtype=float64)"
"tf.Tensor(0.00010933614781555104, shape=(), dtype=float64)","tf.Tensor(0.0014325859622324841, shape=(), dtype=float64)"
"tf.Tensor(0.00011010350966960552, shape=(), dtype=float64)","tf.Tensor(0.0014790496782830737, shape=(), dtype=float64)"
"tf.Tensor(0.00011030300290218608, shape=(), dtype=float64)","tf.Tensor(0.001606444128187368, shape=(), dtype=float64)"
"tf.Tensor(0.00010324099691622082, shape=(), dtype=float64)","tf.Tensor(0.001349545038023228, shape=(), dtype=float64)"
"tf.Tensor(0.00010255759976933051, shape=(), dtype=float64)","tf.Tensor(0.0011580379512286148, shape=(), dtype=float64)"
"tf.Tensor(0.00010886776293953284, shape=(), dtype=float64)","tf.Tensor(0.0018076640885485184, shape=(), dtype=float64)"
"tf.Tensor(0.0001059651194704556, shape=(), dtype=float64)","tf.Tensor(0.0034707589729528047, shape=(), dtype=float64)"
"tf.Tensor(0.000110061566577204, shape=(), dtype=float64)","tf.Tensor(0.0014467825646501855, shape=(), dtype=float64)"
"tf.Tensor(0.00010833804478484012, shape=(), dtype=float64)","tf.Tensor(0.0032912707257488428, shape=(), dtype=float64)"
"tf.Tensor(0.00011211958131136588, shape=(), dtype=float64)","tf.Tensor(0.001948900213992017, shape=(), dtype=float64)"
"tf.Tensor(0.00010907768525891191, shape=(), dtype=float64)","tf.Tensor(0.0013951238611594377, shape=(), dtype=float64)"
"tf.Tensor(0.00010473154129969899, shape=(), dtype=float64)","tf.Tensor(0.0011503169033549204, shape=(), dtype=float64)"
"tf.Tensor(0.00010695608389352822, shape=(), dtype=float64)","tf.Tensor(0.0016455409358181734, shape=(), dtype=float64)"
"tf.Tensor(0.00011018588866717582, shape=(), dtype=float64)","tf.Tensor(0.0018559089622921302, shape=(), dtype=float64)"
"tf.Tensor(0.00010482942854066566, shape=(), dtype=float64)","tf.Tensor(0.0019243911535349507, shape=(), dtype=float64)"
"tf.Tensor(0.0001064052810659742, shape=(), dtype=float64)","tf.Tensor(0.001883052991792963, shape=(), dtype=float64)"
"tf.Tensor(0.00010602013245531288, shape=(), dtype=float64)","tf.Tensor(0.0017465407602840464, shape=(), dtype=float64)"
"tf.Tensor(0.00011041795577550331, shape=(), dtype=float64)","tf.Tensor(0.0022199554371441044, shape=(), dtype=float64)"
"tf.Tensor(0.00010001105850248896, shape=(), dtype=float64)","tf.Tensor(0.0019211376910282755, shape=(), dtype=float64)"
"tf.Tensor(0.00011569323185621003, shape=(), dtype=float64)","tf.Tensor(0.0014765744940556452, shape=(), dtype=float64)"
"tf.Tensor(0.00010639590750982747, shape=(), dtype=float64)","tf.Tensor(0.0022631492511777417, shape=(), dtype=float64)"
"tf.Tensor(0.00011499417120456965, shape=(), dtype=float64)","tf.Tensor(0.002757792611869595, shape=(), dtype=float64)"
"tf.Tensor(0.00010579034558345442, shape=(), dtype=float64)","tf.Tensor(0.002979802386362282, shape=(), dtype=float64)"
"tf.Tensor(0.00010436398860250723, shape=(), dtype=float64)","tf.Tensor(0.0018837016915133897, shape=(), dtype=float64)"
"tf.Tensor(0.00010225849252018015, shape=(), dtype=float64)","tf.Tensor(0.0018864747666111899, shape=(), dtype=float64)"
"tf.Tensor(0.00010245246428115726, shape=(), dtype=float64)","tf.Tensor(0.0010127125687922213, shape=(), dtype=float64)"
"tf.Tensor(0.00010856833365271706, shape=(), dtype=float64)","tf.Tensor(0.0016721949509228787, shape=(), dtype=float64)"
"tf.Tensor(0.0001079576118483267, shape=(), dtype=float64)","tf.Tensor(0.0037179152527213903, shape=(), dtype=float64)"
"tf.Tensor(0.00010842600660052581, shape=(), dtype=float64)","tf.Tensor(0.001992457969963376, shape=(), dtype=float64)"
"tf.Tensor(0.00010308299624594059, shape=(), dtype=float64)","tf.Tensor(0.0024678757281027344, shape=(), dtype=float64)"
"tf.Tensor(0.00010543811612389208, shape=(), dtype=float64)","tf.Tensor(0.001184127713479775, shape=(), dtype=float64)"
"tf.Tensor(0.0001075794337054358, shape=(), dtype=float64)","tf.Tensor(0.0009947729998336173, shape=(), dtype=float64)"
"tf.Tensor(9.870251613755254e-05, shape=(), dtype=float64)","tf.Tensor(0.0015400700473290846, shape=(), dtype=float64)"
"tf.Tensor(0.00010937086270386389, shape=(), dtype=float64)","tf.Tensor(0.002162378582066506, shape=(), dtype=float64)"
"tf.Tensor(0.0001039523833844433, shape=(), dtype=float64)","tf.Tensor(0.0010366034493155564, shape=(), dtype=float64)"
"tf.Tensor(0.0001038706548099758, shape=(), dtype=float64)","tf.Tensor(0.0010679591761423796, shape=(), dtype=float64)"
"tf.Tensor(0.00010529198949743321, shape=(), dtype=float64)","tf.Tensor(0.0012978606205904814, shape=(), dtype=float64)"
"tf.Tensor(0.00011165689214116818, shape=(), dtype=float64)","tf.Tensor(0.0011480045218220977, shape=(), dtype=float64)"
"tf.Tensor(0.00010358530476705219, shape=(), dtype=float64)","tf.Tensor(0.0016524976099865068, shape=(), dtype=float64)"
"tf.Tensor(0.00010849810466154442, shape=(), dtype=float64)","tf.Tensor(0.0022857505896663275, shape=(), dtype=float64)"
"tf.Tensor(0.00011053793105942249, shape=(), dtype=float64)","tf.Tensor(0.0031197650557455506, shape=(), dtype=float64)"
"tf.Tensor(0.000112873170733678, shape=(), dtype=float64)","tf.Tensor(0.0011646857897060648, shape=(), dtype=float64)"
"tf.Tensor(0.00010859966066633193, shape=(), dtype=float64)","tf.Tensor(0.0014872546196767504, shape=(), dtype=float64)"
"tf.Tensor(0.00010889597195996585, shape=(), dtype=float64)","tf.Tensor(0.002151697554820053, shape=(), dtype=float64)"
"tf.Tensor(0.00010675282650396069, shape=(), dtype=float64)","tf.Tensor(0.001944453723726111, shape=(), dtype=float64)"
"tf.Tensor(0.00010351453274270153, shape=(), dtype=float64)","tf.Tensor(0.0012928117448958206, shape=(), dtype=float64)"
"tf.Tensor(0.00010793287546905295, shape=(), dtype=float64)","tf.Tensor(0.0013270041295983593, shape=(), dtype=float64)"
"tf.Tensor(0.00010622518979498656, shape=(), dtype=float64)","tf.Tensor(0.0016443348502489298, shape=(), dtype=float64)"
"tf.Tensor(0.00010569254781290028, shape=(), dtype=float64)","tf.Tensor(0.0024816537744522835, shape=(), dtype=float64)"
"tf.Tensor(0.00011102204927346981, shape=(), dtype=float64)","tf.Tensor(0.001758432330464267, shape=(), dtype=float64)"
"tf.Tensor(0.00011171886895929715, shape=(), dtype=float64)","tf.Tensor(0.0020781869750627424, shape=(), dtype=float64)"
"tf.Tensor(0.0001155310999020859, shape=(), dtype=float64)","tf.Tensor(0.0025921385169014035, shape=(), dtype=float64)"
"tf.Tensor(0.00010539924760905271, shape=(), dtype=float64)","tf.Tensor(0.0024619842301372382, shape=(), dtype=float64)"
"tf.Tensor(0.0001055796033763035, shape=(), dtype=float64)","tf.Tensor(0.002039078267020701, shape=(), dtype=float64)"
"tf.Tensor(0.00010666573048929851, shape=(), dtype=float64)","tf.Tensor(0.0022029658643925435, shape=(), dtype=float64)"
"tf.Tensor(0.00010606237702175511, shape=(), dtype=float64)","tf.Tensor(0.002538434524064537, shape=(), dtype=float64)"
"tf.Tensor(0.00010749907194947103, shape=(), dtype=float64)","tf.Tensor(0.00194717640972833, shape=(), dtype=float64)"
"tf.Tensor(0.00010869161149058985, shape=(), dtype=float64)","tf.Tensor(0.002717240752005326, shape=(), dtype=float64)"
"tf.Tensor(0.00010065123432754884, shape=(), dtype=float64)","tf.Tensor(0.0022585510631311376, shape=(), dtype=float64)"
"tf.Tensor(0.00010744569330086444, shape=(), dtype=float64)","tf.Tensor(0.0012027112725317374, shape=(), dtype=float64)"
"tf.Tensor(0.00011097585021333917, shape=(), dtype=float64)","tf.Tensor(0.001210145618854494, shape=(), dtype=float64)"
"tf.Tensor(0.00010325949257201185, shape=(), dtype=float64)","tf.Tensor(0.0015746230560151867, shape=(), dtype=float64)"
"tf.Tensor(0.00010425685312054807, shape=(), dtype=float64)","tf.Tensor(0.0023491039028177975, shape=(), dtype=float64)"
"tf.Tensor(0.0001025744126886309, shape=(), dtype=float64)","tf.Tensor(0.0019184146773990245, shape=(), dtype=float64)"
"tf.Tensor(0.00010151149468187551, shape=(), dtype=float64)","tf.Tensor(0.0015121262686678943, shape=(), dtype=float64)"
"tf.Tensor(0.00010074264613305852, shape=(), dtype=float64)","tf.Tensor(0.001380216913234542, shape=(), dtype=float64)"
"tf.Tensor(0.00011608769093191113, shape=(), dtype=float64)","tf.Tensor(0.0014898930248195517, shape=(), dtype=float64)"
"tf.Tensor(0.00011013868182716703, shape=(), dtype=float64)","tf.Tensor(0.0018748026580284532, shape=(), dtype=float64)"
"tf.Tensor(0.00011061962613704104, shape=(), dtype=float64)","tf.Tensor(0.0018105064048734311, shape=(), dtype=float64)"
"tf.Tensor(0.00010286244066863347, shape=(), dtype=float64)","tf.Tensor(0.0017851573043508743, shape=(), dtype=float64)"
"tf.Tensor(0.00010647173304981576, shape=(), dtype=float64)","tf.Tensor(0.001434450603698697, shape=(), dtype=float64)"
"tf.Tensor(0.00010128833239020584, shape=(), dtype=float64)","tf.Tensor(0.0021830286477050615, shape=(), dtype=float64)"
"tf.Tensor(0.00010071148454646796, shape=(), dtype=float64)","tf.Tensor(0.001340858694434986, shape=(), dtype=float64)"
"tf.Tensor(0.00010939080534479825, shape=(), dtype=float64)","tf.Tensor(0.0019296872154262725, shape=(), dtype=float64)"
"tf.Tensor(0.00010392548699711195, shape=(), dtype=float64)","tf.Tensor(0.0022561064873596478, shape=(), dtype=float64)"
"tf.Tensor(0.00010852513138683348, shape=(), dtype=float64)","tf.Tensor(0.0010608047175768693, shape=(), dtype=float64)"
"tf.Tensor(0.0001030873613920409, shape=(), dtype=float64)","tf.Tensor(0.0031580948655638595, shape=(), dtype=float64)"
"tf.Tensor(0.000106027143728221, shape=(), dtype=float64)","tf.Tensor(0.0010795456331797384, shape=(), dtype=float64)"
"tf.Tensor(0.00011965763132971623, shape=(), dtype=float64)","tf.Tensor(0.001841364199428431, shape=(), dtype=float64)"
"tf.Tensor(0.00011466356210087738, shape=(), dtype=float64)","tf.Tensor(0.001970351232820829, shape=(), dtype=float64)"
"tf.Tensor(0.00011296743091091779, shape=(), dtype=float64)","tf.Tensor(0.0014059111261897793, shape=(), dtype=float64)"
"tf.Tensor(0.00011053692264568034, shape=(), dtype=float64)","tf.Tensor(0.0022204830659603427, shape=(), dtype=float64)"
"tf.Tensor(0.00011701359131708877, shape=(), dtype=float64)","tf.Tensor(0.0017434789849362091, shape=(), dtype=float64)"
"tf.Tensor(0.00011364579058321067, shape=(), dtype=float64)","tf.Tensor(0.0014573841853131602, shape=(), dtype=float64)"
"tf.Tensor(0.00010872951523123391, shape=(), dtype=float64)","tf.Tensor(0.002549627429256458, shape=(), dtype=float64)"
"tf.Tensor(0.00010807801072473165, shape=(), dtype=float64)","tf.Tensor(0.0025458265266627995, shape=(), dtype=float64)"
"tf.Tensor(0.00011267164209924865, shape=(), dtype=float64)","tf.Tensor(0.0014327975597217377, shape=(), dtype=float64)"
"tf.Tensor(0.00010339233748400332, shape=(), dtype=float64)","tf.Tensor(0.0014804746702170137, shape=(), dtype=float64)"
"tf.Tensor(0.000103508869299574, shape=(), dtype=float64)","tf.Tensor(0.0018295922956602254, shape=(), dtype=float64)"
"tf.Tensor(0.00010703240161023591, shape=(), dtype=float64)","tf.Tensor(0.002133645154042886, shape=(), dtype=float64)"
"tf.Tensor(0.00010733034007326259, shape=(), dtype=float64)","tf.Tensor(0.0012186487416343556, shape=(), dtype=float64)"
"tf.Tensor(0.00010882747304633177, shape=(), dtype=float64)","tf.Tensor(0.001676873717941725, shape=(), dtype=float64)"
"tf.Tensor(0.00010309636182541023, shape=(), dtype=float64)","tf.Tensor(0.0024307111215796443, shape=(), dtype=float64)"
"tf.Tensor(0.00010123839936851988, shape=(), dtype=float64)","tf.Tensor(0.0011328954825031632, shape=(), dtype=float64)"
"tf.Tensor(0.00010655408874515041, shape=(), dtype=float64)","tf.Tensor(0.0009707948344163916, shape=(), dtype=float64)"
"tf.Tensor(9.755896121222145e-05, shape=(), dtype=float64)","tf.Tensor(0.0012812255225793559, shape=(), dtype=float64)"
"tf.Tensor(9.965406481479873e-05, shape=(), dtype=float64)","tf.Tensor(0.0008063479656662143, shape=(), dtype=float64)"
"tf.Tensor(9.491786381103741e-05, shape=(), dtype=float64)","tf.Tensor(0.0011923430868457034, shape=(), dtype=float64)"
"tf.Tensor(0.00010377368050814594, shape=(), dtype=float64)","tf.Tensor(0.0011431987553818382, shape=(), dtype=float64)"
"tf.Tensor(0.0001049142919831553, shape=(), dtype=float64)","tf.Tensor(0.001190965209594539, shape=(), dtype=float64)"
"tf.Tensor(0.00010589410571804696, shape=(), dtype=float64)","tf.Tensor(0.0010486874258700846, shape=(), dtype=float64)"
"tf.Tensor(0.00010004448959106077, shape=(), dtype=float64)","tf.Tensor(0.000875628225476021, shape=(), dtype=float64)"
"tf.Tensor(0.00010124825289197936, shape=(), dtype=float64)","tf.Tensor(0.0012076443114879681, shape=(), dtype=float64)"
"tf.Tensor(0.00010382537157163476, shape=(), dtype=float64)","tf.Tensor(0.0010116917170624976, shape=(), dtype=float64)"
"tf.Tensor(9.916968343073865e-05, shape=(), dtype=float64)","tf.Tensor(0.0010052780594644389, shape=(), dtype=float64)"
"tf.Tensor(9.73558724640864e-05, shape=(), dtype=float64)","tf.Tensor(0.0017096939355260863, shape=(), dtype=float64)"
"tf.Tensor(0.00010180708711438509, shape=(), dtype=float64)","tf.Tensor(0.0008763608433065744, shape=(), dtype=float64)"
"tf.Tensor(9.731366088171652e-05, shape=(), dtype=float64)","tf.Tensor(0.000992979804801603, shape=(), dtype=float64)"
"tf.Tensor(0.00010457930103884351, shape=(), dtype=float64)","tf.Tensor(0.0010746283869603986, shape=(), dtype=float64)"
"tf.Tensor(9.831879825040325e-05, shape=(), dtype=float64)","tf.Tensor(0.0013349291274624866, shape=(), dtype=float64)"
"tf.Tensor(9.809166129937615e-05, shape=(), dtype=float64)","tf.Tensor(0.0008545251041205265, shape=(), dtype=float64)"
"tf.Tensor(9.097571329156774e-05, shape=(), dtype=float64)","tf.Tensor(0.0018160160992859778, shape=(), dtype=float64)"
"tf.Tensor(9.77324845028775e-05, shape=(), dtype=float64)","tf.Tensor(0.0009550919845317824, shape=(), dtype=float64)"
"tf.Tensor(9.876412912427629e-05, shape=(), dtype=float64)","tf.Tensor(0.0009562880407724645, shape=(), dtype=float64)"
"tf.Tensor(0.00010611450465441016, shape=(), dtype=float64)","tf.Tensor(0.0012781105191194107, shape=(), dtype=float64)"
"tf.Tensor(9.827610352392385e-05, shape=(), dtype=float64)","tf.Tensor(0.001066471691441287, shape=(), dtype=float64)"
"tf.Tensor(9.379333040021649e-05, shape=(), dtype=float64)","tf.Tensor(0.0012963979025794868, shape=(), dtype=float64)"
"tf.Tensor(9.945111229145792e-05, shape=(), dtype=float64)","tf.Tensor(0.001478518205310199, shape=(), dtype=float64)"
"tf.Tensor(0.00010384748295543161, shape=(), dtype=float64)","tf.Tensor(0.0010520142221861991, shape=(), dtype=float64)"
"tf.Tensor(0.00010301950139034684, shape=(), dtype=float64)","tf.Tensor(0.0023269744154705715, shape=(), dtype=float64)"
"tf.Tensor(0.00010029280076716754, shape=(), dtype=float64)","tf.Tensor(0.002054627664791204, shape=(), dtype=float64)"
"tf.Tensor(0.00010289561804460361, shape=(), dtype=float64)","tf.Tensor(0.0016713154418936656, shape=(), dtype=float64)"
"tf.Tensor(9.598262202168456e-05, shape=(), dtype=float64)","tf.Tensor(0.0009181993186646322, shape=(), dtype=float64)"
"tf.Tensor(9.871517906757952e-05, shape=(), dtype=float64)","tf.Tensor(0.0008915174610442802, shape=(), dtype=float64)"
"tf.Tensor(0.000103653691983226, shape=(), dtype=float64)","tf.Tensor(0.0012682151322347098, shape=(), dtype=float64)"
"tf.Tensor(9.622825037982381e-05, shape=(), dtype=float64)","tf.Tensor(0.001959555178391239, shape=(), dtype=float64)"
"tf.Tensor(0.00010047454546029672, shape=(), dtype=float64)","tf.Tensor(0.002494461795658681, shape=(), dtype=float64)"
"tf.Tensor(0.00010581895785327301, shape=(), dtype=float64)","tf.Tensor(0.0010468494398529237, shape=(), dtype=float64)"
"tf.Tensor(0.00010031791803947607, shape=(), dtype=float64)","tf.Tensor(0.0012693506116675645, shape=(), dtype=float64)"
"tf.Tensor(0.00010244038987040815, shape=(), dtype=float64)","tf.Tensor(0.0008841519010943284, shape=(), dtype=float64)"
"tf.Tensor(0.00010002239876580573, shape=(), dtype=float64)","tf.Tensor(0.0014230172320218969, shape=(), dtype=float64)"
"tf.Tensor(9.921509308517961e-05, shape=(), dtype=float64)","tf.Tensor(0.0010946647671158476, shape=(), dtype=float64)"
"tf.Tensor(0.00010236884878827116, shape=(), dtype=float64)","tf.Tensor(0.0009087944135808109, shape=(), dtype=float64)"
"tf.Tensor(9.729613185019278e-05, shape=(), dtype=float64)","tf.Tensor(0.001852286075997394, shape=(), dtype=float64)"
"tf.Tensor(0.00010440731024718232, shape=(), dtype=float64)","tf.Tensor(0.0015654688563486805, shape=(), dtype=float64)"
"tf.Tensor(9.701288153418636e-05, shape=(), dtype=float64)","tf.Tensor(0.0011455139911980797, shape=(), dtype=float64)"
"tf.Tensor(0.00010047599007128777, shape=(), dtype=float64)","tf.Tensor(0.000976594236844583, shape=(), dtype=float64)"
"tf.Tensor(0.00010570567324518464, shape=(), dtype=float64)","tf.Tensor(0.0012647742788524422, shape=(), dtype=float64)"
"tf.Tensor(9.644465143974643e-05, shape=(), dtype=float64)","tf.Tensor(0.0007845303157238846, shape=(), dtype=float64)"
"tf.Tensor(9.849244919336584e-05, shape=(), dtype=float64)","tf.Tensor(0.0015789020713531303, shape=(), dtype=float64)"
"tf.Tensor(0.00010450050018923829, shape=(), dtype=float64)","tf.Tensor(0.001612139346925328, shape=(), dtype=float64)"
"tf.Tensor(0.00010144208099719632, shape=(), dtype=float64)","tf.Tensor(0.0026734784975941785, shape=(), dtype=float64)"
"tf.Tensor(9.934041961493337e-05, shape=(), dtype=float64)","tf.Tensor(0.0018240977654510355, shape=(), dtype=float64)"
"tf.Tensor(0.00010074290866488602, shape=(), dtype=float64)","tf.Tensor(0.0010076127849518526, shape=(), dtype=float64)"
"tf.Tensor(0.00010018158033469371, shape=(), dtype=float64)","tf.Tensor(0.0014972938251545088, shape=(), dtype=float64)"
"tf.Tensor(9.845064739468825e-05, shape=(), dtype=float64)","tf.Tensor(0.0018723407608402672, shape=(), dtype=float64)"
"tf.Tensor(0.00010399341682787336, shape=(), dtype=float64)","tf.Tensor(0.0010856429080883666, shape=(), dtype=float64)"
"tf.Tensor(0.00010185852070570098, shape=(), dtype=float64)","tf.Tensor(0.0016795828805104837, shape=(), dtype=float64)"
"tf.Tensor(9.816358618825867e-05, shape=(), dtype=float64)","tf.Tensor(0.001631943595569802, shape=(), dtype=float64)"
"tf.Tensor(9.930652528363289e-05, shape=(), dtype=float64)","tf.Tensor(0.002552252608514357, shape=(), dtype=float64)"
"tf.Tensor(9.857410730078219e-05, shape=(), dtype=float64)","tf.Tensor(0.00174816614045932, shape=(), dtype=float64)"
"tf.Tensor(0.00010365182927548497, shape=(), dtype=float64)","tf.Tensor(0.0010479054910216713, shape=(), dtype=float64)"
"tf.Tensor(9.861945113507396e-05, shape=(), dtype=float64)","tf.Tensor(0.002298631381329443, shape=(), dtype=float64)"
"tf.Tensor(0.00010056882245765731, shape=(), dtype=float64)","tf.Tensor(0.002893283108063325, shape=(), dtype=float64)"
"tf.Tensor(0.00010970597858067674, shape=(), dtype=float64)","tf.Tensor(0.002508421665446587, shape=(), dtype=float64)"
"tf.Tensor(0.00010770793852524721, shape=(), dtype=float64)","tf.Tensor(0.0022141620300113337, shape=(), dtype=float64)"
"tf.Tensor(0.00010020344301106219, shape=(), dtype=float64)","tf.Tensor(0.002413111580628159, shape=(), dtype=float64)"
"tf.Tensor(0.00010403246323191601, shape=(), dtype=float64)","tf.Tensor(0.0011502884999599942, shape=(), dtype=float64)"
"tf.Tensor(0.00010015679248797655, shape=(), dtype=float64)","tf.Tensor(0.0016085666950071329, shape=(), dtype=float64)"
"tf.Tensor(9.996211239541927e-05, shape=(), dtype=float64)","tf.Tensor(0.0024966437104840086, shape=(), dtype=float64)"
"tf.Tensor(0.00010436315078138587, shape=(), dtype=float64)","tf.Tensor(0.0015249777954946294, shape=(), dtype=float64)"
"tf.Tensor(0.00010332829223491012, shape=(), dtype=float64)","tf.Tensor(0.001539774502611202, shape=(), dtype=float64)"
"tf.Tensor(0.00010377812104764605, shape=(), dtype=float64)","tf.Tensor(0.0012846357829534125, shape=(), dtype=float64)"
"tf.Tensor(0.00010025504461970777, shape=(), dtype=float64)","tf.Tensor(0.0017997946399316439, shape=(), dtype=float64)"
"tf.Tensor(9.947362830706821e-05, shape=(), dtype=float64)","tf.Tensor(0.001975029992730006, shape=(), dtype=float64)"
"tf.Tensor(0.00010478740098682211, shape=(), dtype=float64)","tf.Tensor(0.0011235673879658782, shape=(), dtype=float64)"
"tf.Tensor(9.881970750567189e-05, shape=(), dtype=float64)","tf.Tensor(0.002891165524276099, shape=(), dtype=float64)"
"tf.Tensor(9.740695329466286e-05, shape=(), dtype=float64)","tf.Tensor(0.0022559316225526965, shape=(), dtype=float64)"
"tf.Tensor(0.00010530215364694304, shape=(), dtype=float64)","tf.Tensor(0.0009248720201208838, shape=(), dtype=float64)"
"tf.Tensor(0.0001028676380849829, shape=(), dtype=float64)","tf.Tensor(0.001178755047264556, shape=(), dtype=float64)"
"tf.Tensor(9.44117774994949e-05, shape=(), dtype=float64)","tf.Tensor(0.0015948015724645457, shape=(), dtype=float64)"
"tf.Tensor(0.00010334847070065522, shape=(), dtype=float64)","tf.Tensor(0.001813081988404379, shape=(), dtype=float64)"
"tf.Tensor(9.932101263324447e-05, shape=(), dtype=float64)","tf.Tensor(0.0015897082375518972, shape=(), dtype=float64)"
"tf.Tensor(0.0001014040539702572, shape=(), dtype=float64)","tf.Tensor(0.0020436885895160173, shape=(), dtype=float64)"
"tf.Tensor(0.00010920828893142711, shape=(), dtype=float64)","tf.Tensor(0.0019163893072003853, shape=(), dtype=float64)"
"tf.Tensor(9.915493883509787e-05, shape=(), dtype=float64)","tf.Tensor(0.0033206339950926727, shape=(), dtype=float64)"
"tf.Tensor(0.000102267991544823, shape=(), dtype=float64)","tf.Tensor(0.0011196739444989175, shape=(), dtype=float64)"
"tf.Tensor(9.539030272374485e-05, shape=(), dtype=float64)","tf.Tensor(0.0009558234018725739, shape=(), dtype=float64)"
"tf.Tensor(0.00010366608176268287, shape=(), dtype=float64)","tf.Tensor(0.0009671579957639257, shape=(), dtype=float64)"
"tf.Tensor(0.00010538326662051996, shape=(), dtype=float64)","tf.Tensor(0.002912104465789971, shape=(), dtype=float64)"
"tf.Tensor(0.00010194996597374557, shape=(), dtype=float64)","tf.Tensor(0.001746764532554942, shape=(), dtype=float64)"
"tf.Tensor(0.00010578935221554349, shape=(), dtype=float64)","tf.Tensor(0.0013238067252203784, shape=(), dtype=float64)"
"tf.Tensor(9.728383726944114e-05, shape=(), dtype=float64)","tf.Tensor(0.0014492404471207231, shape=(), dtype=float64)"
"tf.Tensor(0.00010258923034030524, shape=(), dtype=float64)","tf.Tensor(0.0011651180353902276, shape=(), dtype=float64)"
"tf.Tensor(0.00010681167831352498, shape=(), dtype=float64)","tf.Tensor(0.0021793703706152637, shape=(), dtype=float64)"
"tf.Tensor(0.00010575460237653704, shape=(), dtype=float64)","tf.Tensor(0.001962248729021977, shape=(), dtype=float64)"
"tf.Tensor(0.00010343301458766801, shape=(), dtype=float64)","tf.Tensor(0.002177709815197154, shape=(), dtype=float64)"
"tf.Tensor(0.00010448267767408939, shape=(), dtype=float64)","tf.Tensor(0.0010921194993311213, shape=(), dtype=float64)"
"tf.Tensor(0.00010759356419039153, shape=(), dtype=float64)","tf.Tensor(0.0020409551135313394, shape=(), dtype=float64)"
"tf.Tensor(0.00010065614831013535, shape=(), dtype=float64)","tf.Tensor(0.0022405329533312073, shape=(), dtype=float64)"
"tf.Tensor(0.00010233638973319837, shape=(), dtype=float64)","tf.Tensor(0.0016643682175048276, shape=(), dtype=float64)"
"tf.Tensor(9.779959458929462e-05, shape=(), dtype=float64)","tf.Tensor(0.001072534630309344, shape=(), dtype=float64)"
"tf.Tensor(0.0001075766094949604, shape=(), dtype=float64)","tf.Tensor(0.0014168200847895125, shape=(), dtype=float64)"
"tf.Tensor(0.00010518028800901553, shape=(), dtype=float64)","tf.Tensor(0.001279139679562704, shape=(), dtype=float64)"
"tf.Tensor(0.00010750120500585925, shape=(), dtype=float64)","tf.Tensor(0.0027678647591198803, shape=(), dtype=float64)"
"tf.Tensor(0.0001051951030493401, shape=(), dtype=float64)","tf.Tensor(0.0013776787572714292, shape=(), dtype=float64)"
"tf.Tensor(0.00010267107701559642, shape=(), dtype=float64)","tf.Tensor(0.0019203822984361907, shape=(), dtype=float64)"
"tf.Tensor(0.00010302052396732677, shape=(), dtype=float64)","tf.Tensor(0.0017234285632043733, shape=(), dtype=float64)"
"tf.Tensor(0.0001011700011599985, shape=(), dtype=float64)","tf.Tensor(0.0016153240672854541, shape=(), dtype=float64)"
"tf.Tensor(9.605830882326978e-05, shape=(), dtype=float64)","tf.Tensor(0.0017053354389058397, shape=(), dtype=float64)"
"tf.Tensor(0.00010705244578004809, shape=(), dtype=float64)","tf.Tensor(0.0017130141555149274, shape=(), dtype=float64)"
"tf.Tensor(0.00010010227281047587, shape=(), dtype=float64)","tf.Tensor(0.0017442506215459967, shape=(), dtype=float64)"
"tf.Tensor(0.0001022238932814934, shape=(), dtype=float64)","tf.Tensor(0.002158020847796504, shape=(), dtype=float64)"
"tf.Tensor(0.00010373438327663358, shape=(), dtype=float64)","tf.Tensor(0.001148253277601315, shape=(), dtype=float64)"
"tf.Tensor(0.00011295817810908767, shape=(), dtype=float64)","tf.Tensor(0.0025006429916389497, shape=(), dtype=float64)"
"tf.Tensor(9.921938059282048e-05, shape=(), dtype=float64)","tf.Tensor(0.002837889005637034, shape=(), dtype=float64)"
"tf.Tensor(0.00010063458871405408, shape=(), dtype=float64)","tf.Tensor(0.0016325373121199235, shape=(), dtype=float64)"
"tf.Tensor(0.00010448261810163668, shape=(), dtype=float64)","tf.Tensor(0.0024995173728481345, shape=(), dtype=float64)"
"tf.Tensor(9.531182715374832e-05, shape=(), dtype=float64)","tf.Tensor(0.0012324708391962826, shape=(), dtype=float64)"
"tf.Tensor(0.00010120601768633113, shape=(), dtype=float64)","tf.Tensor(0.0013779431084809091, shape=(), dtype=float64)"
"tf.Tensor(0.00010259211062884038, shape=(), dtype=float64)","tf.Tensor(0.0013342256509854356, shape=(), dtype=float64)"
"tf.Tensor(9.742870700505338e-05, shape=(), dtype=float64)","tf.Tensor(0.001333275584284508, shape=(), dtype=float64)"
"tf.Tensor(0.00010235989163917299, shape=(), dtype=float64)","tf.Tensor(0.002059002679022211, shape=(), dtype=float64)"
"tf.Tensor(9.958074534112671e-05, shape=(), dtype=float64)","tf.Tensor(0.0011974447917444356, shape=(), dtype=float64)"
"tf.Tensor(9.631497809750865e-05, shape=(), dtype=float64)","tf.Tensor(0.0011417987300880363, shape=(), dtype=float64)"
"tf.Tensor(9.843861467243447e-05, shape=(), dtype=float64)","tf.Tensor(0.001023075465652837, shape=(), dtype=float64)"
"tf.Tensor(9.903480048455939e-05, shape=(), dtype=float64)","tf.Tensor(0.0010620440948891328, shape=(), dtype=float64)"
"tf.Tensor(0.00011352783417174115, shape=(), dtype=float64)","tf.Tensor(0.002786816695393546, shape=(), dtype=float64)"
"tf.Tensor(0.00010456252963045438, shape=(), dtype=float64)","tf.Tensor(0.0011492497699821533, shape=(), dtype=float64)"
"tf.Tensor(0.00010587385565198548, shape=(), dtype=float64)","tf.Tensor(0.0011799740615350426, shape=(), dtype=float64)"
"tf.Tensor(0.00010557469593496158, shape=(), dtype=float64)","tf.Tensor(0.0019296803331604417, shape=(), dtype=float64)"
"tf.Tensor(0.00010368007989512179, shape=(), dtype=float64)","tf.Tensor(0.001169444419804997, shape=(), dtype=float64)"
"tf.Tensor(0.0001077650075760996, shape=(), dtype=float64)","tf.Tensor(0.002425386233240501, shape=(), dtype=float64)"
"tf.Tensor(9.754830871425657e-05, shape=(), dtype=float64)","tf.Tensor(0.002347229458530218, shape=(), dtype=float64)"
"tf.Tensor(0.00011087590357461037, shape=(), dtype=float64)","tf.Tensor(0.0015536450672165268, shape=(), dtype=float64)"
"tf.Tensor(0.00010322092179703458, shape=(), dtype=float64)","tf.Tensor(0.0018780205715221857, shape=(), dtype=float64)"
"tf.Tensor(0.00010078880472943834, shape=(), dtype=float64)","tf.Tensor(0.0013467174758332505, shape=(), dtype=float64)"
"tf.Tensor(0.0001019169982822304, shape=(), dtype=float64)","tf.Tensor(0.0017846208543549678, shape=(), dtype=float64)"
"tf.Tensor(0.00010511453393729197, shape=(), dtype=float64)","tf.Tensor(0.0009450524493179281, shape=(), dtype=float64)"
"tf.Tensor(9.933808315744705e-05, shape=(), dtype=float64)","tf.Tensor(0.0013838136053274499, shape=(), dtype=float64)"
"tf.Tensor(0.00010144173129780624, shape=(), dtype=float64)","tf.Tensor(0.002482030865618969, shape=(), dtype=float64)"
"tf.Tensor(0.00011015824899166329, shape=(), dtype=float64)","tf.Tensor(0.0016691469406551578, shape=(), dtype=float64)"
"tf.Tensor(9.989221735051302e-05, shape=(), dtype=float64)","tf.Tensor(0.0012469296419608897, shape=(), dtype=float64)"
"tf.Tensor(0.00010386503950254056, shape=(), dtype=float64)","tf.Tensor(0.002075537991524284, shape=(), dtype=float64)"
"tf.Tensor(0.00010538145913418239, shape=(), dtype=float64)","tf.Tensor(0.0014397635399041298, shape=(), dtype=float64)"
"tf.Tensor(0.00010877882188592854, shape=(), dtype=float64)","tf.Tensor(0.0010860538251895005, shape=(), dtype=float64)"
"tf.Tensor(0.00010218831118287499, shape=(), dtype=float64)","tf.Tensor(0.0015868111015472758, shape=(), dtype=float64)"
"tf.Tensor(9.93966659778435e-05, shape=(), dtype=float64)","tf.Tensor(0.0016711383999729879, shape=(), dtype=float64)"
"tf.Tensor(0.00010509523462751697, shape=(), dtype=float64)","tf.Tensor(0.0012817644960552961, shape=(), dtype=float64)"
"tf.Tensor(0.00010984810133692768, shape=(), dtype=float64)","tf.Tensor(0.0018593126417528112, shape=(), dtype=float64)"
"tf.Tensor(9.856138997007531e-05, shape=(), dtype=float64)","tf.Tensor(0.0023682734176713803, shape=(), dtype=float64)"
"tf.Tensor(9.817710786770226e-05, shape=(), dtype=float64)","tf.Tensor(0.0013564557318426998, shape=(), dtype=float64)"
"tf.Tensor(0.00010737380023233321, shape=(), dtype=float64)","tf.Tensor(0.001066973124144059, shape=(), dtype=float64)"
"tf.Tensor(0.0001048580345986616, shape=(), dtype=float64)","tf.Tensor(0.0010428293910184417, shape=(), dtype=float64)"
"tf.Tensor(9.479243687573076e-05, shape=(), dtype=float64)","tf.Tensor(0.0014316725328448483, shape=(), dtype=float64)"
"tf.Tensor(9.772983426499534e-05, shape=(), dtype=float64)","tf.Tensor(0.0013194444011980365, shape=(), dtype=float64)"
"tf.Tensor(0.00010478794056748032, shape=(), dtype=float64)","tf.Tensor(0.002544917923962072, shape=(), dtype=float64)"
"tf.Tensor(0.00011016696692490394, shape=(), dtype=float64)","tf.Tensor(0.0028317629126766238, shape=(), dtype=float64)"
"tf.Tensor(9.432232686553199e-05, shape=(), dtype=float64)","tf.Tensor(0.0016291639826977143, shape=(), dtype=float64)"
"tf.Tensor(9.631728606283277e-05, shape=(), dtype=float64)","tf.Tensor(0.0024770124312247523, shape=(), dtype=float64)"
"tf.Tensor(0.00010307817701186132, shape=(), dtype=float64)","tf.Tensor(0.0014797436771922085, shape=(), dtype=float64)"
"tf.Tensor(9.869949526074555e-05, shape=(), dtype=float64)","tf.Tensor(0.002259698477282459, shape=(), dtype=float64)"
"tf.Tensor(9.922008167567298e-05, shape=(), dtype=float64)","tf.Tensor(0.0008020248315569545, shape=(), dtype=float64)"
"tf.Tensor(0.00010137291380914012, shape=(), dtype=float64)","tf.Tensor(0.0009043747051702076, shape=(), dtype=float64)"
"tf.Tensor(9.75889952511953e-05, shape=(), dtype=float64)","tf.Tensor(0.0009100728829155354, shape=(), dtype=float64)"
"tf.Tensor(0.0001095829081675951, shape=(), dtype=float64)","tf.Tensor(0.0016683457502582135, shape=(), dtype=float64)"
"tf.Tensor(9.916440593237683e-05, shape=(), dtype=float64)","tf.Tensor(0.0010726044374141492, shape=(), dtype=float64)"
"tf.Tensor(0.00010717755217335658, shape=(), dtype=float64)","tf.Tensor(0.002362077183045331, shape=(), dtype=float64)"
"tf.Tensor(0.00010541358411281518, shape=(), dtype=float64)","tf.Tensor(0.0015527299399846913, shape=(), dtype=float64)"
"tf.Tensor(0.0001054334705373697, shape=(), dtype=float64)","tf.Tensor(0.001386607197913419, shape=(), dtype=float64)"
"tf.Tensor(0.00010048978300927356, shape=(), dtype=float64)","tf.Tensor(0.0015245025887056648, shape=(), dtype=float64)"
"tf.Tensor(0.00010250869059403099, shape=(), dtype=float64)","tf.Tensor(0.0016983169956736317, shape=(), dtype=float64)"
"tf.Tensor(0.0001020440496301879, shape=(), dtype=float64)","tf.Tensor(0.0011066866161397687, shape=(), dtype=float64)"
"tf.Tensor(0.00010954650219677928, shape=(), dtype=float64)","tf.Tensor(0.001510020810447725, shape=(), dtype=float64)"
"tf.Tensor(0.00010338759073980766, shape=(), dtype=float64)","tf.Tensor(0.001020767134049491, shape=(), dtype=float64)"
"tf.Tensor(0.00010643677065993507, shape=(), dtype=float64)","tf.Tensor(0.0013433297308599913, shape=(), dtype=float64)"
"tf.Tensor(9.890689581075169e-05, shape=(), dtype=float64)","tf.Tensor(0.000990370633856479, shape=(), dtype=float64)"
"tf.Tensor(9.95717407626637e-05, shape=(), dtype=float64)","tf.Tensor(0.0012721561718724934, shape=(), dtype=float64)"
"tf.Tensor(0.00010504416957942555, shape=(), dtype=float64)","tf.Tensor(0.0011376755353197444, shape=(), dtype=float64)"
"tf.Tensor(0.00010655465815719131, shape=(), dtype=float64)","tf.Tensor(0.0016428903244694911, shape=(), dtype=float64)"
"tf.Tensor(0.00010247411188993632, shape=(), dtype=float64)","tf.Tensor(0.0012245373996436005, shape=(), dtype=float64)"
"tf.Tensor(0.00010982200458245928, shape=(), dtype=float64)","tf.Tensor(0.0027805810411824236, shape=(), dtype=float64)"
"tf.Tensor(0.00010543328148883618, shape=(), dtype=float64)","tf.Tensor(0.0012177223537853969, shape=(), dtype=float64)"
"tf.Tensor(9.925746542031988e-05, shape=(), dtype=float64)","tf.Tensor(0.0018894689059101234, shape=(), dtype=float64)"
"tf.Tensor(0.00010812000384162454, shape=(), dtype=float64)","tf.Tensor(0.0012657671788079271, shape=(), dtype=float64)"
"tf.Tensor(0.00010733884380569723, shape=(), dtype=float64)","tf.Tensor(0.0008459005100770272, shape=(), dtype=float64)"
"tf.Tensor(0.00010068866073366035, shape=(), dtype=float64)","tf.Tensor(0.0015568182058839847, shape=(), dtype=float64)"
"tf.Tensor(0.00010471064284363799, shape=(), dtype=float64)","tf.Tensor(0.0025969062431429155, shape=(), dtype=float64)"
"tf.Tensor(0.0001047769564021352, shape=(), dtype=float64)","tf.Tensor(0.0015988242938197229, shape=(), dtype=float64)"
"tf.Tensor(0.00011188118955993027, shape=(), dtype=float64)","tf.Tensor(0.0015814994772611606, shape=(), dtype=float64)"
"tf.Tensor(0.00010642621318014694, shape=(), dtype=float64)","tf.Tensor(0.005255135053065821, shape=(), dtype=float64)"
"tf.Tensor(0.00010497055874800559, shape=(), dtype=float64)","tf.Tensor(0.0017356073620180391, shape=(), dtype=float64)"
"tf.Tensor(0.00010542493101880591, shape=(), dtype=float64)","tf.Tensor(0.0014846831098916267, shape=(), dtype=float64)"
"tf.Tensor(0.00010005159666197626, shape=(), dtype=float64)","tf.Tensor(0.0024842774332278516, shape=(), dtype=float64)"
"tf.Tensor(9.932780300783094e-05, shape=(), dtype=float64)","tf.Tensor(0.002256697013846691, shape=(), dtype=float64)"
"tf.Tensor(0.00010367057423179027, shape=(), dtype=float64)","tf.Tensor(0.0013911412985829867, shape=(), dtype=float64)"
"tf.Tensor(0.00010255608730045616, shape=(), dtype=float64)","tf.Tensor(0.002537813959546325, shape=(), dtype=float64)"
"tf.Tensor(0.00010744721922491023, shape=(), dtype=float64)","tf.Tensor(0.000993457345327168, shape=(), dtype=float64)"
"tf.Tensor(9.663086243434613e-05, shape=(), dtype=float64)","tf.Tensor(0.001400226357615072, shape=(), dtype=float64)"
"tf.Tensor(0.00010523429482570857, shape=(), dtype=float64)","tf.Tensor(0.0022558466079107228, shape=(), dtype=float64)"
"tf.Tensor(0.00010798922685340608, shape=(), dtype=float64)","tf.Tensor(0.0016680935750757007, shape=(), dtype=float64)"
"tf.Tensor(9.918369037893802e-05, shape=(), dtype=float64)","tf.Tensor(0.0023569298560393703, shape=(), dtype=float64)"
"tf.Tensor(0.00010686484873393436, shape=(), dtype=float64)","tf.Tensor(0.0017671413958484279, shape=(), dtype=float64)"
"tf.Tensor(0.0001075091112701076, shape=(), dtype=float64)","tf.Tensor(0.0020714744596320098, shape=(), dtype=float64)"
"tf.Tensor(0.00010263575523432954, shape=(), dtype=float64)","tf.Tensor(0.0014972699306439238, shape=(), dtype=float64)"
"tf.Tensor(0.00010577551584716371, shape=(), dtype=float64)","tf.Tensor(0.002178789601042661, shape=(), dtype=float64)"
