battery,life
battery,capacity
power,cord
battery,health
charger,cord
battery,amount
battery,screen
life,condition
charger,box
charger,but
battery,time
battery,performance
battery,day
life,factor
storage,space
life,life
memory,option
charge,damage
storage,capability
battery,fool
life,screen
power,performance
charge,capability
battery,indicator
charge,indicator
charge,cycle
charge,day
life,luck
charger,cable
battery,power
storage,weight
power,bank
battery,draw
battery,duration
charge,port
memory,card
battery,capability
battery,design
battery,strength
battery,size
power,switch
power,management
charge,cord
memory,bay
life,thing
health,app
charger,plug
battery,fan
life,smartphone
life,user
battery,issue
life,amount
battery,rating
storage,amount
memory,capacity
battery,charge
storage,capacity
life,product
battery,condition
charger,packaging
charge,level
battery,hour
life,work
life,battery
charger,money
storage,notification
storage,screen
memory,amount
memory,space
memory,defect
power,user
memory,message
battery,durability
power,durability
memory,storage
storage,size
storage,card
storage,message
battery,quality
battery,problem
health,condition
battery,everything
life,everything
charge,use
charger,charge
life,time
memory,camera
battery,charger
memory,plenty
battery,pack
charge,protocol
charge,block
battery,adapter
battery,usage
battery,level
battery,function
battery,percent
power,button
charger,condition
garbage,piece
charger,port
life,report
battery,life-display
charger,item
power,iphone
battery,drain
power,adapter
battery,use
charge,battery
charger,right
storage,brand
battery,scratch
battery,percentage
battery,work
battery,timing
charge,life
memory,slot
battery,cover
storage,potential
storage,option
charger,nothing
storage,model
storage,android
charge,time
storage,bonu
battery,discharge
life,span
power,port
battery,case
power,thing
battery,seam
battery,product
battery,longevity
storage,lot
life,advertising
charger,unit
charger,kit
battery,value
charger,accessory
life,purchase
power,use
life,pixel
battery,phone
life,drain
charge,adapter
garbage,software
memory,version
battery,saver
battery,user
charger,air
battery,camera
storage,gig
power,device
storage,feature
memory,price
memory,configuration
battery,charging
charger,pin
battery,defect
life,existent
power,plug
charge,plug
