sensor,camera
wifi,feature
processor,life
performance,hiccup
performance,spot
performance,life
signal,reception
processing,power
signal,disappointment
internet,story
network,type
signal,strength
network,work
internet,mile
response,speed
performance,improvement
network,signal
performance,mode
sensor,placement
signal,area
internet,deal
processing,speed
processor,speed
network,connection
performance,change
response,time
network,sim
internet,browser
internet,connection
performance,speed
internet,connectivity
network,carrier
network,problem
performance,value
web,browsing
network,setting
performance,level
performance,ratio
performance,smartphone
connection,issue
setup,battery
processing,system
response,lack
sensor,etc
sensor,display
processing,chip
processor,chip
wifi,performance
wifi,network
web,load
internet,acces
web,site
internet,service
web,use
network,compatibility
processor,game
network,buy
network,issue
signal,way
network,requirement
sensor,spot
performance,difference
wifi,calling
internet,forum
wifi,signal
performance,upgrade
setup,option
connection,problem
wifi,connection
network,operator
network,connectivity
signal,inception
web,page
web,review
performance,way
sensor,feature
internet,speed
performance,issue
signal,speed
connection,point
processor,snapdragon
web,browser
response,keyboard
internet,review
