sim,card
card,issue
call,volume
speaker,scratch
call,speaker
call,problem
call,sound
notch,screen
port,damage
call,quality
sim,ejection
card,ejection
call,reception
speaker,quality
stereo,audio
card,slot
call,blocker
speaker,volume
speaker,issue
speaker,sound
speaker,work
audio,bit
sim,drawer
card,drawer
video,file
voice,mail
bluetooth,connection
speaker,fidelity
speaker,problem
call,tone
voice,code
stereo,sound
ear,bud
audio,play
port,stopped
sim,cradle
card,cradle
stereo,speaker
talk,card
talk,service
call,card
talk,text
ear,pod
sim,holder
card,holder
sim,tray
card,tray
sound,quality
voice,assistant
voice,feature
voice,recognition
speaker,audio
sim,slot
sim,size
sim,smartphone
video,chat
voice,quality
headphone,pair
sim,function
call,camera
headphone,jack
call,audio
sim,port
video,camera
video,resolution
card,work
sim,phone
sim,support
speaker,something
port,plug
video,quality
sound,horn
ear,speaker
sim,reader
speaker,music
call,clarity
video,game
sim,tool
port,issue
bluetooth,device
bluetooth,issue
bluetooth,connectivity
ear,port
bluetooth,range
speaker,output
video,size
bluetooth,headset
video,call
card,capability
headphone,cable
card,tool
sim,problem
port,scratch
sim,capability
audio,speaker
sound,glitch
voice,rate
sim,number
sim,speaker
card,speaker
port,mark
voice,ability
sim,kit
speaker,hole
radio,reception
call,ringer
card,size
talk,sim
talk,plan
sim,fit
video,recorder
card,card
sim,provider
sim,thing
speaker,etc
notch,cellphone
call,button
card,space
sim,swap
card,swap
card,reader
sim,service
card,kit
talk,customer
video,recording
call,bar
sim,attempt
sim,space
sim,feature
video,audio
call,use
card,storage
card,sound
card,deal
card,talk
sim,upgrade
card,upgrade
holder,slot
sim,sim
card,capacity
sound,speaker
sim,working
card,feature
video,performance
stereo,separation
sim,option
notch,medium
call,gaming
video,suppression
video,capture
card,phone
sim,version
speaker,system
radio,feature
radio,tuner
card,compartment
headphone,quality
call,connectivity
video,app
talk,time
voice,call
card,brand
radio,app
headphone,input
bluetooth,audio
speaker,mesh
